# pulse_v,pulse_width,num_applied,meas_v,i_0,i_1,i_2,i_3,i_4
0.000000000000000000e+00,4.999999999999999774e-07,1.000000000000000000e+03,-1.000000000000000056e-01,-9.026063150000000335e-09,-9.017417850000000628e-09,-8.904120049999999249e-09,-8.708623599999999557e-09,-8.904564799999999575e-09
