# pulse_v,pulse_width,num_applied,meas_v,i_0,i_1,i_2,i_3,i_4
4.000000000000000000e+00,4.999999999999999774e-07,1.000000000000000000e+03,-1.000000000000000056e-01,-9.358548599999999667e-10,-9.439726550000001415e-10,-9.138263399999999676e-10,-8.978420550000001313e-10,-9.299894500000000429e-10
4.000000000000000000e+00,4.999999999999999774e-07,1.000000000000000000e+03,-1.000000000000000056e-01,-8.336099950000000593e-10,-8.212587050000000372e-10,-8.139348699999999815e-10,-7.968571750000000059e-10,-7.474348800000001006e-10
4.200000000000000178e+00,4.999999999999999774e-07,1.000000000000000000e+03,-1.000000000000000056e-01,-1.192411050000000149e-09,-1.228871980000000256e-09,-1.241084830000000029e-09,-1.141589460000000060e-09,-1.206370840000000063e-09
4.400000000000000355e+00,4.999999999999999774e-07,1.000000000000000000e+03,-1.000000000000000056e-01,-1.432425600000000029e-09,-1.401494030000000050e-09,-1.396693810000000080e-09,-1.385688470000000214e-09,-1.353621060000000095e-09
