# pulse_v,pulse_width,num_applied,meas_v,i_0,i_1,i_2,i_3,i_4
1.500000000000000000e+00,4.999999999999999774e-07,1.000000000000000000e+03,-1.000000000000000056e-01,-8.178674649999999669e-10,-7.833668700000000721e-10,-8.119367900000000627e-10,-8.296010350000000707e-10,-8.100642249999999950e-10
1.500000000000000000e+00,4.999999999999999774e-07,1.000000000000000000e+03,-1.000000000000000056e-01,-9.570820350000000361e-10,-9.495282050000000976e-10,-9.116915600000000032e-10,-9.011548849999999808e-10,-8.997975600000000234e-10
2.000000000000000000e+00,4.999999999999999774e-07,1.000000000000000000e+03,-1.000000000000000056e-01,-2.613938160000000253e-09,-2.257183320000000164e-09,-2.201269880000000075e-09,-2.141850919999999964e-09,-2.062698119999999815e-09
