# pulse_v,pulse_width,num_applied,meas_v,i_0,i_1,i_2,i_3,i_4
8.500000000000000000e+00,4.999999999999999774e-07,1.000000000000000000e+03,-1.000000000000000056e-01,-4.422765120000000202e-09,-4.331747800000000186e-09,-4.387922600000000293e-09,-4.276064315000000111e-09,-3.975472784999999610e-09
8.500000000000000000e+00,4.999999999999999774e-07,1.000000000000000000e+03,-1.000000000000000056e-01,-5.041816300000000752e-09,-5.016515400000000562e-09,-4.969669440000000673e-09,-4.866887289999999646e-09,-4.906382694999999875e-09
9.000000000000000000e+00,4.999999999999999774e-07,1.000000000000000000e+03,-1.000000000000000056e-01,-5.532475650000000585e-09,-5.575857999999999999e-09,-5.636838149999999975e-09,-5.558684400000000657e-09,-5.505968999999999849e-09
9.500000000000000000e+00,4.999999999999999774e-07,1.000000000000000000e+03,-1.000000000000000056e-01,-8.623675699999999191e-09,-8.605521850000000047e-09,-8.643345850000000268e-09,-8.708625549999999351e-09,-9.063942100000000701e-09
9.699999999999999289e+00,4.999999999999999774e-07,1.000000000000000000e+03,-1.000000000000000056e-01,-9.511163100000000640e-09,-9.366009749999999923e-09,-9.400634350000001007e-09,-9.503021350000000149e-09,-9.646456500000000747e-09
9.899999999999998579e+00,4.999999999999999774e-07,1.000000000000000000e+03,-1.000000000000000056e-01,-1.069058100000000002e-08,-1.058048880000000141e-08,-1.041987120000000030e-08,-1.041354869999999988e-08,-1.047299580000000086e-08
1.009999999999999787e+01,4.999999999999999774e-07,1.000000000000000000e+03,-1.000000000000000056e-01,-1.554511999999999977e-08,-1.568863470000000008e-08,-1.565886120000000022e-08,-1.584329279999999903e-08,-1.561383409999999846e-08
-2.000000000000000111e-01,4.999999999999999774e-07,1.000000000000000000e+03,-1.000000000000000056e-01,-1.240252850000000053e-08,-1.227420460000000029e-08,-1.229598570000000013e-08,-1.233409690000000091e-08,-1.232910029999999963e-08
