# pulse_v,pulse_width,num_applied,meas_v,i_0,i_1,i_2,i_3,i_4
-2.000000000000000111e-01,4.999999999999999774e-07,1.000000000000000000e+03,-1.000000000000000056e-01,-1.028628799999999942e-08,-1.022895839999999846e-08,-1.028069499999999993e-08,-1.013987790000000092e-08,-1.034734349999999860e-08
-2.000000000000000111e-01,4.999999999999999774e-07,1.000000000000000000e+03,-1.000000000000000056e-01,-9.650547179999999778e-09,-9.729409200000000375e-09,-9.787756419999999478e-09,-9.619834889999999926e-09,-9.838433450000000181e-09
-4.000000000000000222e-01,4.999999999999999774e-07,1.000000000000000000e+03,-1.000000000000000056e-01,-9.854554599999999867e-09,-9.898213549999999772e-09,-9.707502629999999752e-09,-9.633331240000000009e-09,-9.778453739999999990e-09
-6.000000000000000888e-01,4.999999999999999774e-07,1.000000000000000000e+03,-1.000000000000000056e-01,-9.812880650000000757e-09,-9.773825550000000181e-09,-9.476828999999999514e-09,-9.143926100000000288e-09,-9.124298250000001114e-09
