# pulse_v,pulse_width,num_applied,meas_v,i_0,i_1,i_2,i_3,i_4
-2.000000000000000111e-01,4.999999999999999774e-07,1.000000000000000000e+03,-1.000000000000000056e-01,-2.568014900000000431e-09,-2.525310600000000025e-09,-2.642715340000000076e-09,-2.523980780000000377e-09,-2.632503680000000427e-09
-2.000000000000000111e-01,4.999999999999999774e-07,1.000000000000000000e+03,-1.000000000000000056e-01,-2.762181539999999900e-09,-2.596467500000000267e-09,-2.627460200000000005e-09,-2.671952479999999944e-09,-2.506669780000000250e-09
-4.000000000000000222e-01,4.999999999999999774e-07,1.000000000000000000e+03,-1.000000000000000056e-01,-2.720876940000000241e-09,-2.546248620000000027e-09,-2.597977160000000333e-09,-2.703635400000000170e-09,-2.659307340000000136e-09
-6.000000000000000888e-01,4.999999999999999774e-07,1.000000000000000000e+03,-1.000000000000000056e-01,-2.619591020000000458e-09,-2.682163460000000286e-09,-2.750109000000000227e-09,-2.731116480000000010e-09,-2.464010560000000482e-09
