# pulse_v,pulse_width,num_applied,meas_v,i_0,i_1,i_2,i_3,i_4
-2.000000000000000111e-01,4.999999999999999774e-07,1.000000000000000000e+03,-1.000000000000000056e-01,-3.004640460000000061e-09,-2.992134060000000391e-09,-3.173011800000000146e-09,-3.188245960000000229e-09,-2.759699240000000226e-09
-2.000000000000000111e-01,4.999999999999999774e-07,1.000000000000000000e+03,-1.000000000000000056e-01,-2.085993460000000266e-09,-2.098206300000000408e-09,-2.105971060000000087e-09,-2.147431140000000422e-09,-2.222957140000000436e-09
2.000000000000000111e-01,4.999999999999999774e-07,1.000000000000000000e+03,-1.000000000000000056e-01,-2.204633840000000217e-09,-2.344271120000000245e-09,-2.248118000000000074e-09,-2.190620159999999916e-09,-2.129231560000000019e-09
4.000000000000000222e-01,4.999999999999999774e-07,1.000000000000000000e+03,-1.000000000000000056e-01,-2.802353080000000429e-09,-2.841695119999999995e-09,-2.896684320000000188e-09,-2.813003460000000219e-09,-2.287921940000000055e-09
6.000000000000000888e-01,4.999999999999999774e-07,1.000000000000000000e+03,-1.000000000000000056e-01,-3.328233539999999840e-09,-2.913226000000000255e-09,-3.046176019999999973e-09,-2.943310800000000093e-09,-3.008526380000000160e-09
-2.000000000000000111e-01,4.999999999999999774e-07,1.000000000000000000e+03,-1.000000000000000056e-01,-3.447194220000000150e-09,-3.288542920000000082e-09,-3.673276700000000557e-09,-3.320220260000000266e-09,-2.728621360000000302e-09
-4.000000000000000222e-01,4.999999999999999774e-07,1.000000000000000000e+03,-1.000000000000000056e-01,-2.640166320000000144e-09,-2.590259679999999926e-09,-2.625659800000000566e-09,-2.776691220000000320e-09,-2.716149360000000431e-09
-6.000000000000000888e-01,4.999999999999999774e-07,1.000000000000000000e+03,-1.000000000000000056e-01,-2.949854320000000326e-09,-2.645809780000000247e-09,-2.726069359999999917e-09,-2.619911360000000168e-09,-2.396855560000000418e-09
2.000000000000000111e-01,4.999999999999999774e-07,1.000000000000000000e+03,-1.000000000000000056e-01,-2.537349720000000129e-09,-2.557466260000000152e-09,-2.483221040000000117e-09,-2.687793500000000165e-09,-2.475439080000000332e-09
