# pulse_v,pulse_width,num_applied,meas_v,i_0,i_1,i_2,i_3,i_4
-2.000000000000000111e-01,4.999999999999999774e-07,1.000000000000000000e+03,-1.000000000000000056e-01,-3.977764224999999820e-09,-3.867286999999999655e-09,-3.986170259999999605e-09,-4.040017890000000189e-09,-3.732536170000000119e-09
-2.000000000000000111e-01,4.999999999999999774e-07,1.000000000000000000e+03,-1.000000000000000056e-01,-3.859502675000000191e-09,-3.826243475000000087e-09,-3.794493840000000350e-09,-3.721321745000000357e-09,-3.470351309999999957e-09
-4.000000000000000222e-01,4.999999999999999774e-07,1.000000000000000000e+03,-1.000000000000000056e-01,-3.363738030000000331e-09,-3.402768824999999860e-09,-3.361941855000000171e-09,-3.449912730000000096e-09,-3.467249955000000312e-09
-6.000000000000000888e-01,4.999999999999999774e-07,1.000000000000000000e+03,-1.000000000000000056e-01,-3.793046825000000071e-09,-3.656986709999999823e-09,-3.683673829999999854e-09,-3.676107344999999687e-09,-3.550857660000000204e-09
-8.000000000000000444e-01,4.999999999999999774e-07,1.000000000000000000e+03,-1.000000000000000056e-01,-3.741573874999999927e-09,-3.612624635000000362e-09,-3.648395819999999924e-09,-3.425823915000000239e-09,-3.488062740000000262e-09
-1.000000000000000000e+00,4.999999999999999774e-07,1.000000000000000000e+03,-1.000000000000000056e-01,-3.372980740000000059e-09,-3.320557100000000273e-09,-3.293555850000000278e-09,-3.419748220000000243e-09,-3.279378940000000139e-09
