# pulse_v,pulse_width,num_applied,meas_v,i_0,i_1,i_2,i_3,i_4
-2.000000000000000111e-01,4.999999999999999774e-07,1.000000000000000000e+03,-1.000000000000000056e-01,-3.308160830000000057e-09,-3.288886435000000149e-09,-3.166067544999999721e-09,-3.177816210000000377e-09,-3.572370009999999983e-09
-2.000000000000000111e-01,4.999999999999999774e-07,1.000000000000000000e+03,-1.000000000000000056e-01,-3.364601665000000017e-09,-3.324866504999999958e-09,-3.382396684999999836e-09,-3.880766355000000027e-09,-3.314794690000000302e-09
-4.000000000000000222e-01,4.999999999999999774e-07,1.000000000000000000e+03,-1.000000000000000056e-01,-3.261011425000000136e-09,-3.236907960000000159e-09,-3.299229615000000033e-09,-3.729337919999999696e-09,-3.269182975000000199e-09
