# pulse_v,pulse_width,num_applied,meas_v,i_0,i_1,i_2,i_3,i_4
-2.000000000000000111e-01,4.999999999999999774e-07,1.000000000000000000e+03,-1.000000000000000056e-01,-1.801464590000000079e-09,-1.887190120000000094e-09,-1.705791430000000125e-09,-1.729309449999999925e-09,-1.586570870000000187e-09
-2.000000000000000111e-01,4.999999999999999774e-07,1.000000000000000000e+03,-1.000000000000000056e-01,-1.725171580000000162e-09,-1.735834250000000105e-09,-1.660417960000000157e-09,-1.659857460000000157e-09,-1.786995870000000143e-09
-4.000000000000000222e-01,4.999999999999999774e-07,1.000000000000000000e+03,-1.000000000000000056e-01,-1.865165830000000327e-09,-1.826188040000000035e-09,-1.907339260000000169e-09,-1.856470220000000257e-09,-1.828318710000000199e-09
-9.000000000000000222e-01,4.999999999999999774e-07,1.000000000000000000e+03,-1.000000000000000056e-01,-1.871500890000000035e-09,-2.637188019999999937e-09,-2.013475380000000057e-09,-2.106464219999999963e-09,-2.060152600000000172e-09
-1.399999999999999911e+00,4.999999999999999774e-07,1.000000000000000000e+03,-1.000000000000000056e-01,-1.976885886000000104e-09,-2.000270640000000122e-09,-2.177411360000000093e-09,-1.908855092000000101e-09,-1.900703583999999858e-09
-1.899999999999999911e+00,4.999999999999999774e-07,1.000000000000000000e+03,-1.000000000000000056e-01,-1.710620104000000042e-09,-1.783198598000000087e-09,-1.843649498000000098e-09,-1.722432952000000015e-09,-1.789550948000000096e-09
-2.100000000000000089e+00,4.999999999999999774e-07,1.000000000000000000e+03,-1.000000000000000056e-01,-1.924346036000000248e-09,-1.971736976000000071e-09,-1.974459318000000212e-09,-2.033834900000000111e-09,-1.931215392000000107e-09
-2.600000000000000089e+00,4.999999999999999774e-07,1.000000000000000000e+03,-1.000000000000000056e-01,-9.004903940000000176e-10,-9.342984940000000428e-10,-8.844072699999999872e-10,-8.976128900000000167e-10,-9.353986960000001220e-10
-2.600000000000000089e+00,4.999999999999999774e-07,1.000000000000000000e+03,-1.000000000000000056e-01,-1.012394150000000140e-09,-9.485970720000000798e-10,-9.148907700000000505e-10,-9.205324200000000524e-10,-8.991607880000000413e-10
