# pulse_v,pulse_width,num_applied,meas_v,i_0,i_1,i_2,i_3,i_4
2.000000000000000000e+00,4.999999999999999774e-07,1.000000000000000000e+03,-1.000000000000000056e-01,-2.329877740000000089e-09,-2.248139280000000157e-09,-2.392562980000000306e-09,-2.414769200000000082e-09,-2.443247480000000164e-09
