# pulse_v,pulse_width,num_applied,meas_v,i_0,i_1,i_2,i_3,i_4
-2.000000000000000111e-01,4.999999999999999774e-07,1.000000000000000000e+03,-1.000000000000000056e-01,-2.278636900000000151e-09,-1.817383518000000063e-09,-1.645972396000000017e-09,-1.710299942000000215e-09,-1.792391974000000119e-09
-2.000000000000000111e-01,4.999999999999999774e-07,1.000000000000000000e+03,-1.000000000000000056e-01,-1.632384494000000231e-09,-1.689027908000000016e-09,-1.713534477999999988e-09,-1.881561870000000125e-09,-1.804975315999999965e-09
-4.000000000000000222e-01,4.999999999999999774e-07,1.000000000000000000e+03,-1.000000000000000056e-01,-1.712051504000000141e-09,-1.801237278000000278e-09,-1.735830441999999975e-09,-1.721101298000000097e-09,-1.675209990000000005e-09
