# pulse_v,pulse_width,num_applied,meas_v,i_0,i_1,i_2,i_3,i_4
-2.000000000000000111e-01,4.999999999999999774e-07,1.000000000000000000e+03,-1.000000000000000056e-01,-2.445346520000000254e-09,-2.517039259999999832e-09,-2.614734680000000299e-09,-2.578427159999999919e-09,-2.506628220000000402e-09
-2.000000000000000111e-01,4.999999999999999774e-07,1.000000000000000000e+03,-1.000000000000000056e-01,-2.598780200000000472e-09,-2.546901940000000333e-09,-2.564260739999999982e-09,-2.771881400000000184e-09,-2.817782040000000157e-09
-4.000000000000000222e-01,4.999999999999999774e-07,1.000000000000000000e+03,-1.000000000000000056e-01,-2.775530640000000193e-09,-2.810276120000000436e-09,-2.790248760000000221e-09,-2.915651120000000396e-09,-2.903911340000000339e-09
-6.000000000000000888e-01,4.999999999999999774e-07,1.000000000000000000e+03,-1.000000000000000056e-01,-1.971833458000000022e-09,-1.931069192000000238e-09,-2.256802759999999787e-09,-2.430203600000000055e-09,-2.477773280000000359e-09
