# pulse_v,pulse_width,num_applied,meas_v,i_0,i_1,i_2,i_3,i_4
-2.000000000000000111e-01,4.999999999999999774e-07,1.000000000000000000e+03,-1.000000000000000056e-01,-2.091198980000000394e-09,-2.059377920000000222e-09,-2.216743760000000142e-09,-2.196861460000000094e-09,-2.266680580000000385e-09
-2.000000000000000111e-01,4.999999999999999774e-07,1.000000000000000000e+03,-1.000000000000000056e-01,-1.922639542000000204e-09,-2.084908700000000402e-09,-1.879793682000000333e-09,-1.819613502000000055e-09,-1.654254960000000123e-09
