# pulse_v,pulse_width,num_applied,meas_v,i_0,i_1,i_2,i_3,i_4
2.000000000000000000e+00,4.999999999999999774e-07,1.000000000000000000e+03,-1.000000000000000056e-01,-3.427125544999999834e-09,-3.199289140000000328e-09,-3.011296820000000034e-09,-3.116885140000000247e-09,-3.224526110000000073e-09
