# pulse_v,pulse_width,num_applied,meas_v,i_0,i_1,i_2,i_3,i_4
-2.000000000000000111e-01,4.999999999999999774e-07,1.000000000000000000e+03,-1.000000000000000056e-01,-3.662922399999999941e-09,-3.693787184999999682e-09,-3.729905985000000205e-09,-3.484962720000000049e-09,-3.530319080000000312e-09
-2.000000000000000111e-01,4.999999999999999774e-07,1.000000000000000000e+03,-1.000000000000000056e-01,-3.430774624999999958e-09,-3.537791235000000271e-09,-3.599282800000000069e-09,-3.606461584999999899e-09,-3.690458970000000264e-09
-4.000000000000000222e-01,4.999999999999999774e-07,1.000000000000000000e+03,-1.000000000000000056e-01,-3.521097835000000148e-09,-3.425878580000000460e-09,-3.426604895000000129e-09,-3.457887510000000218e-09,-3.435183179999999816e-09
-6.000000000000000888e-01,4.999999999999999774e-07,1.000000000000000000e+03,-1.000000000000000056e-01,-3.303190475000000198e-09,-3.388894714999999879e-09,-3.496388440000000247e-09,-3.493491255000000420e-09,-3.614340315000000008e-09
-8.000000000000000444e-01,4.999999999999999774e-07,1.000000000000000000e+03,-1.000000000000000056e-01,-3.464892955000000048e-09,-3.600921839999999935e-09,-3.502894400000000253e-09,-3.509834365000000385e-09,-3.559470215000000144e-09
-1.000000000000000000e+00,4.999999999999999774e-07,1.000000000000000000e+03,-1.000000000000000056e-01,-3.441667535000000048e-09,-3.691446544999999919e-09,-3.573063950000000085e-09,-3.569020775000000398e-09,-3.688484550000000277e-09
-1.199999999999999956e+00,4.999999999999999774e-07,1.000000000000000000e+03,-1.000000000000000056e-01,-3.568260560000000262e-09,-3.328232660000000055e-09,-3.375894110000000330e-09,-3.387572549999999693e-09,-3.337538410000000192e-09
-1.399999999999999911e+00,4.999999999999999774e-07,1.000000000000000000e+03,-1.000000000000000056e-01,-3.431695300000000207e-09,-3.277482960000000094e-09,-3.201805445000000006e-09,-3.212239064999999933e-09,-3.257989419999999728e-09
