# pulse_v,pulse_width,num_applied,meas_v,i_0,i_1,i_2,i_3,i_4
2.200000000000000178e+00,4.999999999999999774e-07,1.000000000000000000e+03,-1.000000000000000056e-01,-1.638322050000000017e-09,-1.757317250000000247e-09,-1.694989040000000228e-09,-1.687742570000000080e-09,-1.723237050000000235e-09
2.200000000000000178e+00,4.999999999999999774e-07,1.000000000000000000e+03,-1.000000000000000056e-01,-1.802729350000000039e-09,-1.776958050000000033e-09,-1.775330170000000044e-09,-1.858247460000000130e-09,-1.743427400000000253e-09
2.400000000000000355e+00,4.999999999999999774e-07,1.000000000000000000e+03,-1.000000000000000056e-01,-1.740898260000000165e-09,-1.785970440000000085e-09,-1.723662790000000043e-09,-1.771897400000000259e-09,-1.722586320000000092e-09
2.600000000000000533e+00,4.999999999999999774e-07,1.000000000000000000e+03,-1.000000000000000056e-01,-1.721080060000000077e-09,-1.828554520000000136e-09,-1.853529510000000204e-09,-1.816540320000000200e-09,-2.617806059999999902e-09
2.800000000000000711e+00,4.999999999999999774e-07,1.000000000000000000e+03,-1.000000000000000056e-01,-1.827054912000000057e-09,-1.777420864000000137e-09,-1.758173708000000035e-09,-1.792447918000000102e-09,-1.926807976000000215e-09
3.000000000000000888e+00,4.999999999999999774e-07,1.000000000000000000e+03,-1.000000000000000056e-01,-1.735822206000000055e-09,-1.794999776000000186e-09,-1.827819542000000112e-09,-1.802017308000000072e-09,-1.760838908000000110e-09
3.200000000000001066e+00,4.999999999999999774e-07,1.000000000000000000e+03,-1.000000000000000056e-01,-1.773611763999999999e-09,-1.867167292000000298e-09,-3.529437540000000379e-09,-1.897730922000000076e-09,-3.229805240000000340e-09
