# pulse_v,pulse_width,num_applied,meas_v,i_0,i_1,i_2,i_3,i_4
-2.000000000000000111e-01,4.999999999999999774e-07,1.000000000000000000e+03,-1.000000000000000056e-01,-1.893292999999999906e-09,-1.889133410000000167e-09,-1.553683149999999924e-09,-1.835962400000000286e-09,-1.846245250000000046e-09
-2.000000000000000111e-01,4.999999999999999774e-07,1.000000000000000000e+03,-1.000000000000000056e-01,-1.905226280000000020e-09,-1.925050650000000296e-09,-1.874583190000000307e-09,-1.512771980000000071e-09,-1.386804729999999986e-09
2.000000000000000111e-01,4.999999999999999774e-07,1.000000000000000000e+03,-1.000000000000000056e-01,-1.432619309999999988e-09,-1.824963460000000186e-09,-1.794890200000000056e-09,-1.751088330000000004e-09,-1.645954540000000049e-09
