# pulse_v,pulse_width,num_applied,meas_v,i_0,i_1,i_2,i_3,i_4
-2.000000000000000111e-01,4.999999999999999774e-07,1.000000000000000000e+03,-1.000000000000000056e-01,-3.420249790000000152e-09,-3.337665950000000068e-09,-3.346505690000000297e-09,-3.398828655000000251e-09,-3.350483295000000093e-09
-2.000000000000000111e-01,4.999999999999999774e-07,1.000000000000000000e+03,-1.000000000000000056e-01,-3.362210879999999902e-09,-3.362180410000000446e-09,-3.341704655000000315e-09,-3.366990715000000158e-09,-3.325666804999999885e-09
-4.000000000000000222e-01,4.999999999999999774e-07,1.000000000000000000e+03,-1.000000000000000056e-01,-3.312034855000000005e-09,-3.314976090000000225e-09,-3.305237650000000133e-09,-3.333940655000000299e-09,-3.242251354999999984e-09
