# pulse_v,pulse_width,num_applied,meas_v,i_0,i_1,i_2,i_3,i_4
-2.000000000000000111e-01,4.999999999999999774e-07,1.000000000000000000e+03,-1.000000000000000056e-01,-4.008403020000000149e-09,-3.807268185000000316e-09,-4.707847035000000163e-09,-3.974782124999999643e-09,-4.085556455000000135e-09
-2.000000000000000111e-01,4.999999999999999774e-07,1.000000000000000000e+03,-1.000000000000000056e-01,-4.796103915000000185e-09,-4.893369030000000051e-09,-4.776727705000000329e-09,-4.578048770000000027e-09,-3.824601225000000191e-09
-4.000000000000000222e-01,4.999999999999999774e-07,1.000000000000000000e+03,-1.000000000000000056e-01,-3.725157024999999865e-09,-4.546719104999999829e-09,-3.518371765000000025e-09,-3.669323800000000282e-09,-3.293999725000000325e-09
