# pulse_v,pulse_width,num_applied,meas_v,i_0,i_1,i_2,i_3,i_4
1.000000000000000000e+00,4.999999999999999774e-07,1.000000000000000000e+03,-1.000000000000000056e-01,-1.363110520000000104e-09,-1.085631269999999974e-09,-9.278236430000000232e-10,-1.447459000000000181e-09,-8.553875869999999631e-10
