# pulse_v,pulse_width,num_applied,meas_v,i_0,i_1,i_2,i_3,i_4
-2.000000000000000111e-01,4.999999999999999774e-07,1.000000000000000000e+03,-1.000000000000000056e-01,-2.716027680000000189e-09,-2.669145000000000092e-09,-2.675172120000000321e-09,-2.637933100000000377e-09,-2.660105639999999839e-09
-2.000000000000000111e-01,4.999999999999999774e-07,1.000000000000000000e+03,-1.000000000000000056e-01,-2.779817759999999971e-09,-2.820959820000000177e-09,-2.744102920000000254e-09,-2.928808740000000117e-09,-2.803447840000000172e-09
-4.000000000000000222e-01,4.999999999999999774e-07,1.000000000000000000e+03,-1.000000000000000056e-01,-2.673797560000000308e-09,-2.686445060000000289e-09,-2.847684800000000117e-09,-2.693571879999999932e-09,-2.624698840000000462e-09
-6.000000000000000888e-01,4.999999999999999774e-07,1.000000000000000000e+03,-1.000000000000000056e-01,-2.575858520000000268e-09,-2.570132040000000087e-09,-2.742144420000000048e-09,-2.659072260000000142e-09,-2.666224440000000259e-09
-8.000000000000000444e-01,4.999999999999999774e-07,1.000000000000000000e+03,-1.000000000000000056e-01,-2.672645719999999824e-09,-2.678678820000000221e-09,-2.638438040000000203e-09,-2.681143160000000126e-09,-2.830157760000000440e-09
-1.000000000000000000e+00,4.999999999999999774e-07,1.000000000000000000e+03,-1.000000000000000056e-01,-2.909178500000000016e-09,-2.710162640000000259e-09,-2.608251559999999881e-09,-2.570375980000000259e-09,-2.639563840000000079e-09
-1.199999999999999956e+00,4.999999999999999774e-07,1.000000000000000000e+03,-1.000000000000000056e-01,-2.644243500000000248e-09,-2.591673360000000498e-09,-2.592383480000000299e-09,-2.536527020000000092e-09,-2.633125499999999791e-09
-1.399999999999999911e+00,4.999999999999999774e-07,1.000000000000000000e+03,-1.000000000000000056e-01,-2.517521280000000127e-09,-2.541094100000000025e-09,-2.597833960000000180e-09,-2.489997280000000171e-09,-2.509721260000000127e-09
-1.599999999999999867e+00,4.999999999999999774e-07,1.000000000000000000e+03,-1.000000000000000056e-01,-2.423336340000000269e-09,-2.444093699999999922e-09,-2.460098580000000099e-09,-2.490982199999999889e-09,-2.470962800000000392e-09
