# pulse_v,pulse_width,num_applied,meas_v,i_0,i_1,i_2,i_3,i_4
-2.000000000000000111e-01,4.999999999999999774e-07,1.000000000000000000e+03,-1.000000000000000056e-01,-4.327740715000000588e-09,-4.744425154999999948e-09,-4.799729434999999995e-09,-4.438920970000000197e-09,-4.699331165000000686e-09
-2.000000000000000111e-01,4.999999999999999774e-07,1.000000000000000000e+03,-1.000000000000000056e-01,-4.006307669999999746e-09,-4.925205320000000032e-09,-4.300360915000000277e-09,-4.794001915000000144e-09,-4.136251355000000412e-09
-4.000000000000000222e-01,4.999999999999999774e-07,1.000000000000000000e+03,-1.000000000000000056e-01,-4.832802924999999795e-09,-3.900218555000000284e-09,-4.137591645000000171e-09,-3.710124280000000046e-09,-3.616432140000000114e-09
-6.000000000000000888e-01,4.999999999999999774e-07,1.000000000000000000e+03,-1.000000000000000056e-01,-4.122372259999999835e-09,-4.043338220000000155e-09,-4.754623865000000019e-09,-3.904172509999999985e-09,-3.807383549999999620e-09
-8.000000000000000444e-01,4.999999999999999774e-07,1.000000000000000000e+03,-1.000000000000000056e-01,-3.497134580000000032e-09,-3.899834675000000006e-09,-3.717368835000000245e-09,-3.722947380000000169e-09,-3.757400384999999824e-09
-1.000000000000000000e+00,4.999999999999999774e-07,1.000000000000000000e+03,-1.000000000000000056e-01,-3.846519720000000065e-09,-3.466749109999999806e-09,-3.677156205000000100e-09,-3.550554060000000205e-09,-3.632537399999999947e-09
-1.199999999999999956e+00,4.999999999999999774e-07,1.000000000000000000e+03,-1.000000000000000056e-01,-3.819308500000000057e-09,-3.546209104999999942e-09,-3.294816350000000079e-09,-3.780859650000000003e-09,-3.739404465000000070e-09
-1.399999999999999911e+00,4.999999999999999774e-07,1.000000000000000000e+03,-1.000000000000000056e-01,-3.441327115000000224e-09,-3.196308460000000272e-09,-3.464282285000000102e-09,-3.372433154999999792e-09,-3.304641099999999808e-09
