# pulse_v,pulse_width,num_applied,meas_v,i_0,i_1,i_2,i_3,i_4
2.000000000000000000e+00,4.999999999999999774e-07,1.000000000000000000e+03,-1.000000000000000056e-01,-3.751088755000000057e-09,-3.616711535000000338e-09,-3.975167095000000434e-09,-3.759199399999999814e-09,-3.641623165000000434e-09
