# pulse_v,pulse_width,num_applied,meas_v,i_0,i_1,i_2,i_3,i_4
2.000000000000000000e+00,4.999999999999999774e-07,1.000000000000000000e+03,-1.000000000000000056e-01,-3.257073380000000378e-09,-2.997586300000000253e-09,-3.005366660000000356e-09,-3.219608060000000261e-09,-2.948070700000000363e-09
