# pulse_v,pulse_width,num_applied,meas_v,i_0,i_1,i_2,i_3,i_4
-2.000000000000000111e-01,4.999999999999999774e-07,1.000000000000000000e+03,-1.000000000000000056e-01,-2.488779640000000218e-09,-2.495728880000000412e-09,-2.436163319999999892e-09,-2.483189959999999805e-09,-2.479330220000000110e-09
-2.000000000000000111e-01,4.999999999999999774e-07,1.000000000000000000e+03,-1.000000000000000056e-01,-2.512680300000000150e-09,-2.474787140000000383e-09,-2.516799880000000535e-09,-2.429312940000000027e-09,-2.451375240000000165e-09
-4.000000000000000222e-01,4.999999999999999774e-07,1.000000000000000000e+03,-1.000000000000000056e-01,-2.421036820000000047e-09,-2.468032680000000158e-09,-2.442729739999999980e-09,-2.403895420000000217e-09,-2.458611320000000143e-09
-6.000000000000000888e-01,4.999999999999999774e-07,1.000000000000000000e+03,-1.000000000000000056e-01,-2.509080560000000204e-09,-2.477023539999999839e-09,-2.642600320000000138e-09,-2.557077259999999813e-09,-2.532407940000000279e-09
-8.000000000000000444e-01,4.999999999999999774e-07,1.000000000000000000e+03,-1.000000000000000056e-01,-2.497246319999999980e-09,-2.526838039999999885e-09,-2.466092140000000549e-09,-2.428219900000000502e-09,-2.457080220000000109e-09
-1.000000000000000000e+00,4.999999999999999774e-07,1.000000000000000000e+03,-1.000000000000000056e-01,-2.272465679999999896e-09,-2.350424620000000145e-09,-2.429938219999999915e-09,-2.452173980000000174e-09,-2.468627820000000199e-09
-1.199999999999999956e+00,4.999999999999999774e-07,1.000000000000000000e+03,-1.000000000000000056e-01,-2.168896119999999907e-09,-2.120695739999999973e-09,-2.160441680000000077e-09,-2.118293080000000209e-09,-2.024334540000000143e-09
