# pulse_v,pulse_width,num_applied,meas_v,i_0,i_1,i_2,i_3,i_4
2.200000000000000178e+00,4.999999999999999774e-07,1.000000000000000000e+03,-1.000000000000000056e-01,-2.314169880000000378e-09,-2.334118880000000181e-09,-2.291711600000000240e-09,-2.290341160000000383e-09,-2.215867919999999958e-09
2.200000000000000178e+00,4.999999999999999774e-07,1.000000000000000000e+03,-1.000000000000000056e-01,-2.363531379999999949e-09,-2.449482199999999981e-09,-2.476783540000000262e-09,-2.422285400000000102e-09,-2.396932200000000199e-09
