# pulse_v,pulse_width,num_applied,meas_v,i_0,i_1,i_2,i_3,i_4
-2.000000000000000111e-01,4.999999999999999774e-07,1.000000000000000000e+03,-1.000000000000000056e-01,-2.206732080000000052e-09,-2.213961840000000001e-09,-2.214431240000000326e-09,-2.189892660000000034e-09,-2.308367060000000098e-09
-2.000000000000000111e-01,4.999999999999999774e-07,1.000000000000000000e+03,-1.000000000000000056e-01,-2.249858460000000092e-09,-2.046023840000000079e-09,-1.934785668000000157e-09,-2.022944620000000362e-09,-1.959830010000000090e-09
