# pulse_v,pulse_width,num_applied,meas_v,i_0,i_1,i_2,i_3,i_4
-2.000000000000000111e-01,4.999999999999999774e-07,1.000000000000000000e+03,-1.000000000000000056e-01,-4.377788570000000491e-09,-4.332705905000000290e-09,-4.620731674999999735e-09,-4.646885164999999728e-09,-4.403204035000000557e-09
-2.000000000000000111e-01,4.999999999999999774e-07,1.000000000000000000e+03,-1.000000000000000056e-01,-4.039891870000000053e-09,-4.548801529999999834e-09,-4.634468540000000137e-09,-4.712658025000000341e-09,-3.909383900000000414e-09
-4.000000000000000222e-01,4.999999999999999774e-07,1.000000000000000000e+03,-1.000000000000000056e-01,-3.516293569999999632e-09,-3.619108025000000121e-09,-3.461129720000000427e-09,-3.586427600000000053e-09,-3.670700239999999984e-09
