# pulse_v,pulse_width,num_applied,meas_v,i_0,i_1,i_2,i_3,i_4
2.200000000000000178e+00,4.999999999999999774e-07,1.000000000000000000e+03,-1.000000000000000056e-01,-1.308618260000000082e-09,-1.297656860000000120e-09,-1.289179570000000037e-09,-1.422595840000000110e-09,-1.379104190000000182e-09
2.200000000000000178e+00,4.999999999999999774e-07,1.000000000000000000e+03,-1.000000000000000056e-01,-1.360226360000000087e-09,-1.346130920000000152e-09,-1.301485640000000244e-09,-1.330149150000000145e-09,-1.336248700000000219e-09
2.400000000000000355e+00,4.999999999999999774e-07,1.000000000000000000e+03,-1.000000000000000056e-01,-1.337064710000000025e-09,-1.311725129999999997e-09,-1.312843540000000040e-09,-1.290623430000000014e-09,-1.344649330000000018e-09
2.600000000000000533e+00,4.999999999999999774e-07,1.000000000000000000e+03,-1.000000000000000056e-01,-1.222036290000000069e-09,-1.340917530000000120e-09,-1.313319280000000070e-09,-1.283260100000000003e-09,-1.378008439999999958e-09
2.800000000000000711e+00,4.999999999999999774e-07,1.000000000000000000e+03,-1.000000000000000056e-01,-1.382147390000000191e-09,-1.400826620000000050e-09,-1.405656959999999986e-09,-1.443283199999999990e-09,-1.440160480000000193e-09
