# pulse_v,pulse_width,num_applied,meas_v,i_0,i_1,i_2,i_3,i_4
2.200000000000000178e+00,4.999999999999999774e-07,1.000000000000000000e+03,-1.000000000000000056e-01,-1.432827200000000042e-09,-1.358107660000000099e-09,-1.380820120000000115e-09,-1.452655550000000056e-09,-1.325121610000000214e-09
2.200000000000000178e+00,4.999999999999999774e-07,1.000000000000000000e+03,-1.000000000000000056e-01,-1.443849980000000048e-09,-1.415776070000000118e-09,-1.571344150000000159e-09,-1.439120770000000007e-09,-1.492604830000000211e-09
