# pulse_v,pulse_width,num_applied,meas_v,i_0,i_1,i_2,i_3,i_4
-2.000000000000000111e-01,4.999999999999999774e-07,1.000000000000000000e+03,-1.000000000000000056e-01,-2.737716760000000386e-09,-2.705288200000000121e-09,-2.885119100000000189e-09,-2.617577600000000447e-09,-2.962538879999999961e-09
-2.000000000000000111e-01,4.999999999999999774e-07,1.000000000000000000e+03,-1.000000000000000056e-01,-2.356560819999999907e-09,-2.290107640000000307e-09,-2.750282060000000221e-09,-2.650842599999999918e-09,-3.112452240000000404e-09
-4.000000000000000222e-01,4.999999999999999774e-07,1.000000000000000000e+03,-1.000000000000000056e-01,-2.625084100000000270e-09,-2.744501400000000223e-09,-2.525203240000000295e-09,-2.866876579999999995e-09,-2.750626660000000055e-09
-6.000000000000000888e-01,4.999999999999999774e-07,1.000000000000000000e+03,-1.000000000000000056e-01,-2.348746920000000115e-09,-2.605141679999999999e-09,-2.947985259999999845e-09,-2.515567240000000350e-09,-2.722172380000000179e-09
-8.000000000000000444e-01,4.999999999999999774e-07,1.000000000000000000e+03,-1.000000000000000056e-01,-2.746941500000000507e-09,-2.657541279999999815e-09,-2.601175000000000378e-09,-2.703755600000000022e-09,-2.421895979999999961e-09
