# pulse_v,pulse_width,num_applied,meas_v,i_0,i_1,i_2,i_3,i_4
2.200000000000000178e+00,4.999999999999999774e-07,1.000000000000000000e+03,-1.000000000000000056e-01,-2.814483540000000037e-09,-2.729893119999999805e-09,-2.679987380000000288e-09,-2.657377400000000183e-09,-2.646281780000000160e-09
2.200000000000000178e+00,4.999999999999999774e-07,1.000000000000000000e+03,-1.000000000000000056e-01,-2.875219340000000289e-09,-2.637659460000000251e-09,-2.718529180000000193e-09,-2.646103640000000284e-09,-2.671262480000000436e-09
2.400000000000000355e+00,4.999999999999999774e-07,1.000000000000000000e+03,-1.000000000000000056e-01,-2.684569920000000021e-09,-2.711044800000000060e-09,-2.696466000000000271e-09,-2.753319160000000560e-09,-2.746308620000000264e-09
2.600000000000000533e+00,4.999999999999999774e-07,1.000000000000000000e+03,-1.000000000000000056e-01,-2.756527339999999930e-09,-2.856325120000000388e-09,-2.707705100000000454e-09,-2.543760439999999802e-09,-2.540687180000000095e-09
2.800000000000000711e+00,4.999999999999999774e-07,1.000000000000000000e+03,-1.000000000000000056e-01,-2.643266699999999892e-09,-2.786220160000000217e-09,-2.679189620000000095e-09,-2.787963599999999862e-09,-2.857963420000000266e-09
3.000000000000000888e+00,4.999999999999999774e-07,1.000000000000000000e+03,-1.000000000000000056e-01,-2.793138659999999959e-09,-2.700890340000000033e-09,-2.706082400000000172e-09,-2.803375320000000133e-09,-2.811744140000000298e-09
3.200000000000001066e+00,4.999999999999999774e-07,1.000000000000000000e+03,-1.000000000000000056e-01,-3.463091900000000069e-09,-2.945043619999999992e-09,-2.813176279999999971e-09,-2.944314379999999804e-09,-2.952818500000000085e-09
