# pulse_v,pulse_width,num_applied,meas_v,i_0,i_1,i_2,i_3,i_4
-2.000000000000000111e-01,4.999999999999999774e-07,1.000000000000000000e+03,-1.000000000000000056e-01,-3.118423360000000152e-09,-3.220604615000000214e-09,-3.203996929999999869e-09,-3.169791765000000388e-09,-3.166032549999999650e-09
-2.000000000000000111e-01,4.999999999999999774e-07,1.000000000000000000e+03,-1.000000000000000056e-01,-3.010195399999999988e-09,-3.067794515000000169e-09,-3.053326905000000008e-09,-3.064058519999999885e-09,-3.327540769999999779e-09
-4.000000000000000222e-01,4.999999999999999774e-07,1.000000000000000000e+03,-1.000000000000000056e-01,-3.150872075000000142e-09,-3.255086604999999844e-09,-3.240002630000000321e-09,-3.152926150000000209e-09,-3.064322529999999919e-09
