# pulse_v,pulse_width,num_applied,meas_v,i_0,i_1,i_2,i_3,i_4
-2.000000000000000111e-01,4.999999999999999774e-07,1.000000000000000000e+03,-1.000000000000000056e-01,-4.896921129999999948e-09,-4.504168755000000108e-09,-4.891988825000000224e-09,-4.935565335000000154e-09,-4.962412990000000322e-09
-2.000000000000000111e-01,4.999999999999999774e-07,1.000000000000000000e+03,-1.000000000000000056e-01,-4.998853035000000347e-09,-5.039463600000000204e-09,-5.101850799999999548e-09,-5.209620449999999779e-09,-5.090606900000000316e-09
-4.000000000000000222e-01,4.999999999999999774e-07,1.000000000000000000e+03,-1.000000000000000056e-01,-5.068016800000000676e-09,-5.071533249999999962e-09,-5.049759550000000832e-09,-4.956602780000000417e-09,-5.428084800000000429e-09
-6.000000000000000888e-01,4.999999999999999774e-07,1.000000000000000000e+03,-1.000000000000000056e-01,-5.625581600000000020e-09,-5.579867500000000119e-09,-5.079029200000000558e-09,-4.990840269999999862e-09,-4.990540570000000280e-09
-8.000000000000000444e-01,4.999999999999999774e-07,1.000000000000000000e+03,-1.000000000000000056e-01,-5.484633749999999863e-09,-5.077455749999999432e-09,-5.518654349999999488e-09,-5.478999500000000462e-09,-5.258461500000000536e-09
-1.000000000000000000e+00,4.999999999999999774e-07,1.000000000000000000e+03,-1.000000000000000056e-01,-3.898136320000000505e-09,-4.122421015000000404e-09,-4.272603815000000462e-09,-4.372035265000000445e-09,-4.350765680000000464e-09
-1.199999999999999956e+00,4.999999999999999774e-07,1.000000000000000000e+03,-1.000000000000000056e-01,-4.471676785000000060e-09,-4.134872694999999506e-09,-3.974603095000000145e-09,-3.990648554999999526e-09,-3.979340129999999992e-09
