# pulse_v,pulse_width,num_applied,meas_v,i_0,i_1,i_2,i_3,i_4
2.000000000000000000e+00,4.999999999999999774e-07,1.000000000000000000e+03,-1.000000000000000056e-01,-2.288868720000000271e-09,-2.186375440000000006e-09,-2.246137039999999905e-09,-2.132239680000000302e-09,-1.985000170000000210e-09
