# pulse_v,pulse_width,num_applied,meas_v,i_0,i_1,i_2,i_3,i_4
-2.000000000000000111e-01,4.999999999999999774e-07,1.000000000000000000e+03,-1.000000000000000056e-01,-1.151177330000000255e-09,-1.172721600000000158e-09,-1.153925040000000203e-09,-1.201279350000000219e-09,-1.357822230000000185e-09
-2.000000000000000111e-01,4.999999999999999774e-07,1.000000000000000000e+03,-1.000000000000000056e-01,-1.153338479999999919e-09,-1.136403190000000070e-09,-1.034433310000000181e-09,-1.008949520000000049e-09,-1.033565010000000083e-09
