# pulse_v,pulse_width,num_applied,meas_v,i_0,i_1,i_2,i_3,i_4
2.200000000000000178e+00,4.999999999999999774e-07,1.000000000000000000e+03,-1.000000000000000056e-01,-1.123845250000000142e-09,-1.177344039999999995e-09,-1.186449029999999993e-09,-1.266038790000000094e-09,-1.236592179999999958e-09
2.200000000000000178e+00,4.999999999999999774e-07,1.000000000000000000e+03,-1.000000000000000056e-01,-1.220948879999999981e-09,-1.247919370000000056e-09,-1.181296470000000038e-09,-1.213497320000000259e-09,-1.227730570000000118e-09
2.400000000000000355e+00,4.999999999999999774e-07,1.000000000000000000e+03,-1.000000000000000056e-01,-1.027483850000000248e-09,-1.005473929999999974e-09,-9.910755350000001215e-10,-1.028468600000000036e-09,-1.029455269999999898e-09
2.600000000000000533e+00,4.999999999999999774e-07,1.000000000000000000e+03,-1.000000000000000056e-01,-1.102452009999999910e-09,-1.142465560000000162e-09,-1.144340160000000093e-09,-1.162790130000000242e-09,-1.188894029999999978e-09
2.800000000000000711e+00,4.999999999999999774e-07,1.000000000000000000e+03,-1.000000000000000056e-01,-1.132240439999999903e-09,-1.098287220000000167e-09,-1.136225250000000052e-09,-1.351711640000000149e-09,-1.332965849999999917e-09
3.000000000000000888e+00,4.999999999999999774e-07,1.000000000000000000e+03,-1.000000000000000056e-01,-1.068576210000000121e-09,-1.113037100000000021e-09,-1.102227120000000021e-09,-1.117119259999999976e-09,-1.570300640000000003e-09
