# pulse_v,pulse_width,num_applied,meas_v,i_0,i_1,i_2,i_3,i_4
-2.000000000000000111e-01,4.999999999999999774e-07,1.000000000000000000e+03,-1.000000000000000056e-01,-3.163478540000000030e-09,-3.145072755000000152e-09,-3.377370199999999951e-09,-3.139318445000000281e-09,-3.260954515000000358e-09
-2.000000000000000111e-01,4.999999999999999774e-07,1.000000000000000000e+03,-1.000000000000000056e-01,-3.200573400000000507e-09,-3.315114265000000017e-09,-3.159594195000000019e-09,-3.414370214999999890e-09,-3.183604784999999755e-09
-4.000000000000000222e-01,4.999999999999999774e-07,1.000000000000000000e+03,-1.000000000000000056e-01,-3.224046035000000067e-09,-3.362772580000000285e-09,-3.216244455000000149e-09,-3.013953380000000084e-09,-3.063304485000000395e-09
