# pulse_v,pulse_width,num_applied,meas_v,i_0,i_1,i_2,i_3,i_4
2.200000000000000178e+00,4.999999999999999774e-07,1.000000000000000000e+03,-1.000000000000000056e-01,-1.721474830000000063e-09,-1.781677250000000151e-09,-1.868604949999999861e-09,-1.883358820000000118e-09,-1.855332740000000049e-09
2.200000000000000178e+00,4.999999999999999774e-07,1.000000000000000000e+03,-1.000000000000000056e-01,-1.746548370000000113e-09,-1.744343040000000097e-09,-1.895512079999999962e-09,-1.847672580000000213e-09,-1.796063880000000016e-09
2.400000000000000355e+00,4.999999999999999774e-07,1.000000000000000000e+03,-1.000000000000000056e-01,-1.866845730000000231e-09,-1.782444340000000204e-09,-1.812848960000000124e-09,-1.864137520000000260e-09,-1.897902900000000337e-09
2.600000000000000533e+00,4.999999999999999774e-07,1.000000000000000000e+03,-1.000000000000000056e-01,-1.888937910000000299e-09,-1.853823470000000067e-09,-1.970078400000000198e-09,-2.667008200000000125e-09,-1.767296690000000028e-09
2.800000000000000711e+00,4.999999999999999774e-07,1.000000000000000000e+03,-1.000000000000000056e-01,-1.997541653999999996e-09,-1.966845136000000176e-09,-1.850020730000000137e-09,-1.979105326000000110e-09,-2.081709680000000064e-09
