# pulse_v,pulse_width,num_applied,meas_v,i_0,i_1,i_2,i_3,i_4
2.000000000000000000e+00,4.999999999999999774e-07,1.000000000000000000e+03,-1.000000000000000056e-01,-4.091645239999999920e-09,-4.108367574999999589e-09,-4.065298144999999505e-09,-4.146568350000000386e-09,-4.091922329999999905e-09
