# pulse_v,pulse_width,num_applied,meas_v,i_0,i_1,i_2,i_3,i_4
2.000000000000000000e+00,4.999999999999999774e-07,1.000000000000000000e+03,-1.000000000000000056e-01,-3.077822200000000315e-09,-3.065841820000000490e-09,-2.965743300000000367e-09,-2.999257000000000120e-09,-2.999411660000000039e-09
