# pulse_v,pulse_width,num_applied,meas_v,i_0,i_1,i_2,i_3,i_4
2.200000000000000178e+00,4.999999999999999774e-07,1.000000000000000000e+03,-1.000000000000000056e-01,-1.001396250000000124e-09,-1.031582620000000162e-09,-1.090531080000000217e-09,-8.355059470000000631e-10,-9.523415690000000632e-10
2.200000000000000178e+00,4.999999999999999774e-07,1.000000000000000000e+03,-1.000000000000000056e-01,-8.409345460000000372e-10,-9.747711440000000250e-10,-9.670349120000001672e-10,-8.587659810000000495e-10,-9.609312790000000828e-10
