# pulse_v,pulse_width,num_applied,meas_v,i_0,i_1,i_2,i_3,i_4
2.200000000000000178e+00,4.999999999999999774e-07,1.000000000000000000e+03,-1.000000000000000056e-01,-3.380205065000000096e-09,-3.278177454999999877e-09,-3.446137429999999773e-09,-3.286354555000000055e-09,-3.304443165000000157e-09
2.200000000000000178e+00,4.999999999999999774e-07,1.000000000000000000e+03,-1.000000000000000056e-01,-3.496675894999999980e-09,-3.564943384999999979e-09,-3.438280169999999972e-09,-3.475433594999999845e-09,-3.478914029999999893e-09
