# pulse_v,pulse_width,num_applied,meas_v,i_0,i_1,i_2,i_3,i_4
2.000000000000000000e+00,4.999999999999999774e-07,1.000000000000000000e+03,-1.000000000000000056e-01,-1.370499600000000051e-09,-1.680163620000000117e-09,-1.682818690000000147e-09,-1.568231790000000190e-09,-1.489127650000000084e-09
