# pulse_v,pulse_width,num_applied,meas_v,i_0,i_1,i_2,i_3,i_4
2.200000000000000178e+00,4.999999999999999774e-07,1.000000000000000000e+03,-1.000000000000000056e-01,-1.957041176000000209e-09,-1.944431403999999880e-09,-1.979482920000000055e-09,-1.973847438000000046e-09,-1.933572649999999990e-09
2.200000000000000178e+00,4.999999999999999774e-07,1.000000000000000000e+03,-1.000000000000000056e-01,-1.922714754000000324e-09,-1.963566178000000131e-09,-2.099468499999999924e-09,-2.104807559999999774e-09,-2.114992160000000061e-09
2.400000000000000355e+00,4.999999999999999774e-07,1.000000000000000000e+03,-1.000000000000000056e-01,-1.927017363999999828e-09,-1.891421298000000187e-09,-1.897995614000000129e-09,-1.889613402000000195e-09,-1.864127846000000220e-09
2.600000000000000533e+00,4.999999999999999774e-07,1.000000000000000000e+03,-1.000000000000000056e-01,-2.072027859999999906e-09,-2.063772600000000207e-09,-2.049035700000000065e-09,-2.118144179999999893e-09,-2.178236180000000062e-09
2.800000000000000711e+00,4.999999999999999774e-07,1.000000000000000000e+03,-1.000000000000000056e-01,-2.111249340000000083e-09,-2.171958620000000071e-09,-2.181427939999999905e-09,-2.229410779999999812e-09,-2.206392800000000343e-09
3.000000000000000888e+00,4.999999999999999774e-07,1.000000000000000000e+03,-1.000000000000000056e-01,-2.924927879999999811e-09,-2.965716839999999956e-09,-2.910237700000000169e-09,-2.987139080000000126e-09,-2.985810140000000263e-09
