# pulse_v,pulse_width,num_applied,meas_v,i_0,i_1,i_2,i_3,i_4
-2.000000000000000111e-01,4.999999999999999774e-07,1.000000000000000000e+03,-1.000000000000000056e-01,-3.555321195000000135e-09,-3.591575180000000158e-09,-3.621673570000000358e-09,-3.605308165000000234e-09,-3.514869605000000083e-09
-2.000000000000000111e-01,4.999999999999999774e-07,1.000000000000000000e+03,-1.000000000000000056e-01,-3.628312240000000316e-09,-3.222906720000000267e-09,-3.537688629999999907e-09,-3.466114790000000180e-09,-3.434568530000000338e-09
-4.000000000000000222e-01,4.999999999999999774e-07,1.000000000000000000e+03,-1.000000000000000056e-01,-3.480100780000000173e-09,-3.458405825000000171e-09,-3.495820825000000295e-09,-3.498193280000000026e-09,-3.226439119999999674e-09
-6.000000000000000888e-01,4.999999999999999774e-07,1.000000000000000000e+03,-1.000000000000000056e-01,-3.129048079999999786e-09,-3.244595984999999944e-09,-3.223540834999999911e-09,-3.143355570000000108e-09,-3.099210219999999835e-09
