# pulse_v,pulse_width,num_applied,meas_v,i_0,i_1,i_2,i_3,i_4
-2.000000000000000111e-01,4.999999999999999774e-07,1.000000000000000000e+03,-1.000000000000000056e-01,-3.436887640000000353e-09,-3.296523060000000506e-09,-3.351781480000000161e-09,-3.303729300000000320e-09,-3.416017479999999897e-09
-2.000000000000000111e-01,4.999999999999999774e-07,1.000000000000000000e+03,-1.000000000000000056e-01,-3.417581420000000225e-09,-3.426289199999999915e-09,-3.494296980000000423e-09,-3.411219560000000246e-09,-3.432577940000000077e-09
-4.000000000000000222e-01,4.999999999999999774e-07,1.000000000000000000e+03,-1.000000000000000056e-01,-3.424842080000000098e-09,-3.374411200000000107e-09,-3.456464860000000427e-09,-3.376215140000000012e-09,-3.367453240000000359e-09
-6.000000000000000888e-01,4.999999999999999774e-07,1.000000000000000000e+03,-1.000000000000000056e-01,-3.376476420000000086e-09,-3.355535660000000287e-09,-3.458947800000000057e-09,-3.347105580000000198e-09,-3.461704280000000608e-09
-8.000000000000000444e-01,4.999999999999999774e-07,1.000000000000000000e+03,-1.000000000000000056e-01,-3.259334220000000346e-09,-3.444826860000000058e-09,-3.480021520000000302e-09,-3.356593800000000267e-09,-3.579696800000000174e-09
-1.000000000000000000e+00,4.999999999999999774e-07,1.000000000000000000e+03,-1.000000000000000056e-01,-3.534269360000000496e-09,-3.505062660000000157e-09,-3.347535859999999964e-09,-3.458737720000000173e-09,-3.099304220000000434e-09
