# pulse_v,pulse_width,num_applied,meas_v,i_0,i_1,i_2,i_3,i_4
-2.000000000000000111e-01,4.999999999999999774e-07,1.000000000000000000e+03,-1.000000000000000056e-01,-2.527267040000000153e-09,-2.662191319999999972e-09,-2.504031620000000275e-09,-2.563092380000000352e-09,-2.657988600000000215e-09
-2.000000000000000111e-01,4.999999999999999774e-07,1.000000000000000000e+03,-1.000000000000000056e-01,-2.720593860000000249e-09,-2.613890539999999880e-09,-2.689477419999999779e-09,-2.507400740000000242e-09,-2.463244820000000239e-09
