# pulse_v,pulse_width,num_applied,meas_v,i_0,i_1,i_2,i_3,i_4
2.000000000000000000e+00,4.999999999999999774e-07,1.000000000000000000e+03,-1.000000000000000056e-01,-2.883644880000000006e-09,-2.855950700000000478e-09,-2.890980560000000301e-09,-2.887474960000000338e-09,-2.973632439999999907e-09
