# pulse_v,pulse_width,num_applied,meas_v,i_0,i_1,i_2,i_3,i_4
2.200000000000000178e+00,4.999999999999999774e-07,1.000000000000000000e+03,-1.000000000000000056e-01,-3.213367030000000252e-09,-3.220667799999999924e-09,-3.235917999999999909e-09,-3.275484779999999729e-09,-3.325539235000000082e-09
2.200000000000000178e+00,4.999999999999999774e-07,1.000000000000000000e+03,-1.000000000000000056e-01,-3.245671254999999926e-09,-3.272529715000000146e-09,-3.205850720000000362e-09,-3.431050769999999973e-09,-3.418072205000000171e-09
