# pulse_v,pulse_width,num_applied,meas_v,i_0,i_1,i_2,i_3,i_4
-2.000000000000000111e-01,4.999999999999999774e-07,1.000000000000000000e+03,-1.000000000000000056e-01,-3.245426825000000260e-09,-3.332256630000000321e-09,-3.392293625000000409e-09,-3.556470370000000018e-09,-3.192716205000000065e-09
-2.000000000000000111e-01,4.999999999999999774e-07,1.000000000000000000e+03,-1.000000000000000056e-01,-3.510591865000000318e-09,-3.490570595000000141e-09,-3.447239134999999744e-09,-2.821095229999999749e-09,-2.943992899999999978e-09
