# pulse_v,pulse_width,num_applied,meas_v,i_0,i_1,i_2,i_3,i_4
2.200000000000000178e+00,4.999999999999999774e-07,1.000000000000000000e+03,-1.000000000000000056e-01,-8.895124900000000930e-10,-8.284919250000000967e-10,-7.830701450000000935e-10,-8.819098100000000921e-10,-8.258386250000000930e-10
2.200000000000000178e+00,4.999999999999999774e-07,1.000000000000000000e+03,-1.000000000000000056e-01,-9.955992400000000834e-10,-1.137961360000000131e-09,-1.093591230000000045e-09,-1.081109790000000101e-09,-1.046619790000000151e-09
