# pulse_v,pulse_width,num_applied,meas_v,i_0,i_1,i_2,i_3,i_4
-2.000000000000000111e-01,4.999999999999999774e-07,1.000000000000000000e+03,-1.000000000000000056e-01,-3.337666979999999900e-09,-3.145413315000000186e-09,-3.176563945000000140e-09,-3.086040684999999872e-09,-3.337630939999999826e-09
-2.000000000000000111e-01,4.999999999999999774e-07,1.000000000000000000e+03,-1.000000000000000056e-01,-3.110903110000000082e-09,-3.313542425000000065e-09,-3.340801765000000193e-09,-3.398676309999999995e-09,-3.224121699999999951e-09
-4.000000000000000222e-01,4.999999999999999774e-07,1.000000000000000000e+03,-1.000000000000000056e-01,-3.056743715000000040e-09,-3.096913099999999965e-09,-3.068066770000000433e-09,-3.093541519999999792e-09,-3.066960375000000042e-09
