# pulse_v,pulse_width,num_applied,meas_v,i_0,i_1,i_2,i_3,i_4
-2.000000000000000111e-01,4.999999999999999774e-07,1.000000000000000000e+03,-1.000000000000000056e-01,-4.517628025000000447e-09,-5.203217700000000248e-09,-5.179960799999999808e-09,-5.089518349999999906e-09,-5.312093100000000581e-09
-2.000000000000000111e-01,4.999999999999999774e-07,1.000000000000000000e+03,-1.000000000000000056e-01,-5.066743250000000023e-09,-5.016831149999999471e-09,-4.971267420000000023e-09,-5.027314499999999452e-09,-4.880520425000000566e-09
-4.000000000000000222e-01,4.999999999999999774e-07,1.000000000000000000e+03,-1.000000000000000056e-01,-4.882810975000000327e-09,-5.085470450000000781e-09,-4.776877460000000008e-09,-4.848276579999999791e-09,-4.631774365000000339e-09
-6.000000000000000888e-01,4.999999999999999774e-07,1.000000000000000000e+03,-1.000000000000000056e-01,-4.302659875000000072e-09,-4.478130410000000506e-09,-4.427431159999999669e-09,-4.556071180000000257e-09,-4.706975755000000026e-09
-8.000000000000000444e-01,4.999999999999999774e-07,1.000000000000000000e+03,-1.000000000000000056e-01,-4.578672680000000223e-09,-4.516718550000000459e-09,-4.769678809999999884e-09,-4.761484154999999982e-09,-3.667973849999999677e-09
2.000000000000000111e-01,4.999999999999999774e-07,1.000000000000000000e+03,-1.000000000000000056e-01,-4.510505190000000254e-09,-4.274128579999999883e-09,-4.284640024999999804e-09,-4.497554695000000384e-09,-4.462618194999999964e-09
-2.000000000000000111e-01,4.999999999999999774e-07,1.000000000000000000e+03,-1.000000000000000056e-01,-4.559638785000000051e-09,-4.528603389999999856e-09,-4.336960700000000103e-09,-4.525320234999999747e-09,-4.728743375000000196e-09
-4.000000000000000222e-01,4.999999999999999774e-07,1.000000000000000000e+03,-1.000000000000000056e-01,-4.771345765000000128e-09,-4.825323014999999514e-09,-4.843634329999999801e-09,-4.280731650000000073e-09,-4.095342300000000366e-09
