# pulse_v,pulse_width,num_applied,meas_v,i_0,i_1,i_2,i_3,i_4
2.000000000000000000e+00,4.999999999999999774e-07,1.000000000000000000e+03,-1.000000000000000056e-01,-3.288684440000000196e-09,-3.076759100000000160e-09,-3.057631640000000189e-09,-3.033423759999999849e-09,-3.085086300000000210e-09
