# pulse_v,pulse_width,num_applied,meas_v,i_0,i_1,i_2,i_3,i_4
2.000000000000000000e+00,4.999999999999999774e-07,1.000000000000000000e+03,-1.000000000000000056e-01,-2.669344220000000401e-09,-2.934563400000000099e-09,-2.817637220000000232e-09,-2.750103620000000250e-09,-2.485348180000000066e-09
