# pulse_v,pulse_width,num_applied,meas_v,i_0,i_1,i_2,i_3,i_4
2.200000000000000178e+00,4.999999999999999774e-07,1.000000000000000000e+03,-1.000000000000000056e-01,-3.242546040000000284e-09,-3.141382099999999597e-09,-3.286781449999999735e-09,-3.197422504999999793e-09,-3.326277670000000389e-09
2.200000000000000178e+00,4.999999999999999774e-07,1.000000000000000000e+03,-1.000000000000000056e-01,-3.264143205000000381e-09,-3.317929660000000489e-09,-3.356229325000000302e-09,-3.196087499999999899e-09,-3.639008080000000370e-09
