# pulse_v,pulse_width,num_applied,meas_v,i_0,i_1,i_2,i_3,i_4
2.000000000000000000e+00,4.999999999999999774e-07,1.000000000000000000e+03,-1.000000000000000056e-01,-3.394353620000000377e-09,-3.259187900000000356e-09,-3.468604060000000504e-09,-3.332151300000000328e-09,-3.458449980000000515e-09
