# pulse_v,pulse_width,num_applied,meas_v,i_0,i_1,i_2,i_3,i_4
2.200000000000000178e+00,4.999999999999999774e-07,1.000000000000000000e+03,-1.000000000000000056e-01,-3.053448000000000228e-09,-3.114469240000000233e-09,-3.182728300000000109e-09,-3.096038020000000270e-09,-3.081170820000000365e-09
2.200000000000000178e+00,4.999999999999999774e-07,1.000000000000000000e+03,-1.000000000000000056e-01,-3.128603220000000418e-09,-3.121571280000000331e-09,-3.136035140000000538e-09,-3.196184339999999915e-09,-3.072971420000000109e-09
2.400000000000000355e+00,4.999999999999999774e-07,1.000000000000000000e+03,-1.000000000000000056e-01,-3.352129460000000163e-09,-3.359492400000000297e-09,-3.401691720000000286e-09,-3.331413960000000039e-09,-3.315605120000000067e-09
2.600000000000000533e+00,4.999999999999999774e-07,1.000000000000000000e+03,-1.000000000000000056e-01,-3.319078700000000081e-09,-3.387726240000000461e-09,-3.453343860000000226e-09,-3.425398880000000160e-09,-3.459931940000000436e-09
