# pulse_v,pulse_width,num_applied,meas_v,i_0,i_1,i_2,i_3,i_4
2.200000000000000178e+00,4.999999999999999774e-07,1.000000000000000000e+03,-1.000000000000000056e-01,-8.931452350000000342e-10,-9.080114300000000117e-10,-1.006181750000000076e-09,-8.524957610000000827e-10,-9.155794590000000883e-10
2.200000000000000178e+00,4.999999999999999774e-07,1.000000000000000000e+03,-1.000000000000000056e-01,-9.595107169999999974e-10,-9.472168100000000197e-10,-9.513659950000000402e-10,-1.084296680000000171e-09,-9.320804589999999882e-10
2.400000000000000355e+00,4.999999999999999774e-07,1.000000000000000000e+03,-1.000000000000000056e-01,-1.014948209999999983e-09,-1.012326130000000088e-09,-1.170452830000000226e-09,-1.067006820000000123e-09,-1.111400440000000004e-09
-2.000000000000000111e-01,4.999999999999999774e-07,1.000000000000000000e+03,-1.000000000000000056e-01,-1.052999349999999982e-09,-9.718793100000001917e-10,-9.650533800000000558e-10,-9.614148649999999503e-10,-9.375872730000001416e-10
2.000000000000000111e-01,4.999999999999999774e-07,1.000000000000000000e+03,-1.000000000000000056e-01,-9.317244460000001644e-10,-1.095137880000000073e-09,-8.671416320000000797e-10,-8.577274460000000320e-10,-9.511241890000000279e-10
4.000000000000000222e-01,4.999999999999999774e-07,1.000000000000000000e+03,-1.000000000000000056e-01,-9.464116880000000358e-10,-9.468858700000000324e-10,-9.280699500000000683e-10,-9.961809869999999993e-10,-9.664982480000000972e-10
