# pulse_v,pulse_width,num_applied,meas_v,i_0,i_1,i_2,i_3,i_4
2.200000000000000178e+00,4.999999999999999774e-07,1.000000000000000000e+03,-1.000000000000000056e-01,-1.821386060000000082e-09,-1.796243180000000097e-09,-1.737454840000000087e-09,-1.797671969999999943e-09,-1.755069379999999947e-09
2.200000000000000178e+00,4.999999999999999774e-07,1.000000000000000000e+03,-1.000000000000000056e-01,-1.712174690000000309e-09,-1.732679820000000085e-09,-1.701517030000000142e-09,-1.699532420000000051e-09,-1.728995040000000162e-09
2.400000000000000355e+00,4.999999999999999774e-07,1.000000000000000000e+03,-1.000000000000000056e-01,-1.740275360000000126e-09,-1.676905190000000237e-09,-1.719543400000000090e-09,-1.719020350000000241e-09,-1.710714969999999992e-09
2.600000000000000533e+00,4.999999999999999774e-07,1.000000000000000000e+03,-1.000000000000000056e-01,-1.962581619999999833e-09,-1.843771740000000031e-09,-1.853060760000000086e-09,-1.891192219999999923e-09,-1.610716450000000106e-09
2.800000000000000711e+00,4.999999999999999774e-07,1.000000000000000000e+03,-1.000000000000000056e-01,-1.655554390000000051e-09,-1.687274420000000154e-09,-1.685565330000000085e-09,-1.841709450000000075e-09,-1.843357610000000036e-09
3.000000000000000888e+00,4.999999999999999774e-07,1.000000000000000000e+03,-1.000000000000000056e-01,-1.905132210000000142e-09,-1.820448129999999999e-09,-1.819701810000000032e-09,-1.765017340000000115e-09,-1.868046590000000295e-09
3.200000000000001066e+00,4.999999999999999774e-07,1.000000000000000000e+03,-1.000000000000000056e-01,-1.802098280000000208e-09,-1.975647520000000426e-09,-1.841276900000000123e-09,-1.862659990000000015e-09,-1.800354339999999990e-09
3.400000000000001243e+00,4.999999999999999774e-07,1.000000000000000000e+03,-1.000000000000000056e-01,-2.561733040000000311e-09,-2.045624300000000351e-09,-1.992352148000000026e-09,-2.023854860000000345e-09,-1.770206856000000130e-09
3.600000000000001421e+00,4.999999999999999774e-07,1.000000000000000000e+03,-1.000000000000000056e-01,-1.854568270000000087e-09,-1.958771662000000093e-09,-1.910875536000000134e-09,-1.946478944000000097e-09,-1.916806410000000056e-09
