# pulse_v,pulse_width,num_applied,meas_v,i_0,i_1,i_2,i_3,i_4
2.200000000000000178e+00,4.999999999999999774e-07,1.000000000000000000e+03,-1.000000000000000056e-01,-9.051281700000000743e-10,-9.441259699999999621e-10,-8.872864650000000143e-10,-8.235286000000001210e-10,-9.190420200000000676e-10
2.200000000000000178e+00,4.999999999999999774e-07,1.000000000000000000e+03,-1.000000000000000056e-01,-9.407148800000001817e-10,-9.685791300000000320e-10,-8.900726000000000103e-10,-9.348915500000001474e-10,-9.525172600000001345e-10
2.400000000000000355e+00,4.999999999999999774e-07,1.000000000000000000e+03,-1.000000000000000056e-01,-8.144726150000000487e-10,-8.466168849999999981e-10,-8.348071700000000439e-10,-8.123493899999999627e-10,-8.433127000000000920e-10
2.600000000000000533e+00,4.999999999999999774e-07,1.000000000000000000e+03,-1.000000000000000056e-01,-7.388897300000000579e-10,-7.810781600000000291e-10,-8.059755500000000727e-10,-8.333341450000001176e-10,-8.570623000000001496e-10
2.800000000000000711e+00,4.999999999999999774e-07,1.000000000000000000e+03,-1.000000000000000056e-01,-8.198215100000000760e-10,-7.541036550000000603e-10,-8.372661450000000375e-10,-8.466111650000000565e-10,-7.311708550000000544e-10
3.000000000000000888e+00,4.999999999999999774e-07,1.000000000000000000e+03,-1.000000000000000056e-01,-8.002307700000000556e-10,-8.221828199999999974e-10,-7.848269850000000810e-10,-9.202206200000001280e-10,-9.224478400000000500e-10
3.200000000000001066e+00,4.999999999999999774e-07,1.000000000000000000e+03,-1.000000000000000056e-01,-8.793692899999999744e-10,-8.656090200000000516e-10,-8.344326300000000135e-10,-8.682044200000000032e-10,-9.008994350000001313e-10
3.400000000000001243e+00,4.999999999999999774e-07,1.000000000000000000e+03,-1.000000000000000056e-01,-8.751318450000000053e-10,-8.916077500000000947e-10,-7.828052150000000966e-10,-8.731423150000000203e-10,-9.397194900000001451e-10
3.600000000000001421e+00,4.999999999999999774e-07,1.000000000000000000e+03,-1.000000000000000056e-01,-8.958879700000000508e-10,-9.550185100000000590e-10,-8.605281200000000263e-10,-9.712534249999999867e-10,-9.906891800000000884e-10
