# pulse_v,pulse_width,num_applied,meas_v,i_0,i_1,i_2,i_3,i_4
2.000000000000000000e+00,4.999999999999999774e-07,1.000000000000000000e+03,-1.000000000000000056e-01,-3.019120360000000169e-09,-3.142394440000000280e-09,-2.948166460000000117e-09,-3.017894380000000288e-09,-2.994603060000000374e-09
