# pulse_v,pulse_width,num_applied,meas_v,i_0,i_1,i_2,i_3,i_4
2.200000000000000178e+00,4.999999999999999774e-07,1.000000000000000000e+03,-1.000000000000000056e-01,-1.626249059999999994e-09,-1.387868380000000110e-09,-1.369486779999999918e-09,-1.708647540000000093e-09,-1.285959380000000106e-09
2.200000000000000178e+00,4.999999999999999774e-07,1.000000000000000000e+03,-1.000000000000000056e-01,-1.642493260000000027e-09,-1.406237879999999961e-09,-1.374882630000000251e-09,-1.375517289999999945e-09,-1.516444230000000219e-09
