# pulse_v,pulse_width,num_applied,meas_v,i_0,i_1,i_2,i_3,i_4
2.000000000000000000e+00,4.999999999999999774e-07,1.000000000000000000e+03,-1.000000000000000056e-01,-1.368886639999999937e-09,-1.495099729999999973e-09,-1.539542780000000225e-09,-1.434071170000000033e-09,-1.558052380000000067e-09
