# pulse_v,pulse_width,num_applied,meas_v,i_0,i_1,i_2,i_3,i_4
-2.000000000000000111e-01,4.999999999999999774e-07,1.000000000000000000e+03,-1.000000000000000056e-01,-3.235592470000000033e-09,-3.264446449999999936e-09,-3.537927675000000089e-09,-3.617665935000000171e-09,-3.834503265000000321e-09
-2.000000000000000111e-01,4.999999999999999774e-07,1.000000000000000000e+03,-1.000000000000000056e-01,-3.409651719999999915e-09,-3.544632085000000076e-09,-3.488085599999999939e-09,-3.175514835000000060e-09,-3.050071070000000005e-09
