# pulse_v,pulse_width,num_applied,meas_v,i_0,i_1,i_2,i_3,i_4
2.000000000000000000e+00,4.999999999999999774e-07,1.000000000000000000e+03,-1.000000000000000056e-01,-1.943066850000000228e-09,-1.814214830000000096e-09,-1.972949200000000051e-09,-2.681185520000000229e-09,-1.991496310000000311e-09
