# pulse_v,pulse_width,num_applied,meas_v,i_0,i_1,i_2,i_3,i_4
2.000000000000000000e+00,4.999999999999999774e-07,1.000000000000000000e+03,-1.000000000000000056e-01,-3.627161564999999955e-09,-3.921381775000000522e-09,-3.673226880000000310e-09,-3.556082709999999858e-09,-3.556321170000000434e-09
