# pulse_v,pulse_width,num_applied,meas_v,i_0,i_1,i_2,i_3,i_4
2.000000000000000000e+00,4.999999999999999774e-07,1.000000000000000000e+03,-1.000000000000000056e-01,-1.054048099999999906e-09,-1.055532860000000099e-09,-1.035218060000000114e-09,-1.019229010000000145e-09,-1.040588290000000056e-09
