# pulse_v,pulse_width,num_applied,meas_v,i_0,i_1,i_2,i_3,i_4
-2.000000000000000111e-01,4.999999999999999774e-07,1.000000000000000000e+03,-1.000000000000000056e-01,-3.075490780000000265e-09,-3.099195920000000239e-09,-3.085825320000000124e-09,-2.941271460000000008e-09,-2.938393619999999813e-09
-2.000000000000000111e-01,4.999999999999999774e-07,1.000000000000000000e+03,-1.000000000000000056e-01,-2.934735540000000130e-09,-3.012854180000000415e-09,-3.045542120000000149e-09,-2.986015320000000238e-09,-3.038768539999999950e-09
-4.000000000000000222e-01,4.999999999999999774e-07,1.000000000000000000e+03,-1.000000000000000056e-01,-2.966879300000000186e-09,-2.950759060000000210e-09,-2.981628600000000144e-09,-3.041981740000000590e-09,-2.995459620000000286e-09
-6.000000000000000888e-01,4.999999999999999774e-07,1.000000000000000000e+03,-1.000000000000000056e-01,-2.845965919999999864e-09,-2.861442900000000506e-09,-2.831700640000000424e-09,-2.822154299999999944e-09,-2.792100900000000189e-09
-8.000000000000000444e-01,4.999999999999999774e-07,1.000000000000000000e+03,-1.000000000000000056e-01,-2.859370320000000000e-09,-2.851947120000000261e-09,-2.826181800000000424e-09,-2.777470140000000132e-09,-2.866152019999999975e-09
-1.000000000000000000e+00,4.999999999999999774e-07,1.000000000000000000e+03,-1.000000000000000056e-01,-2.387773680000000177e-09,-2.848077160000000120e-09,-2.860924440000000010e-09,-2.530912219999999860e-09,-2.583995560000000249e-09
