# pulse_v,pulse_width,num_applied,meas_v,i_0,i_1,i_2,i_3,i_4
2.200000000000000178e+00,4.999999999999999774e-07,1.000000000000000000e+03,-1.000000000000000056e-01,-1.777641770000000104e-09,-1.758163290000000031e-09,-1.759638030000000256e-09,-1.795571360000000097e-09,-1.735618830000000009e-09
2.200000000000000178e+00,4.999999999999999774e-07,1.000000000000000000e+03,-1.000000000000000056e-01,-1.752887370000000209e-09,-1.873004430000000135e-09,-1.878980569999999911e-09,-1.888278829999999976e-09,-1.777515850000000000e-09
2.400000000000000355e+00,4.999999999999999774e-07,1.000000000000000000e+03,-1.000000000000000056e-01,-1.770305360000000072e-09,-1.721432540000000065e-09,-1.729593189999999963e-09,-1.773300000000000277e-09,-1.768762530000000104e-09
2.600000000000000533e+00,4.999999999999999774e-07,1.000000000000000000e+03,-1.000000000000000056e-01,-1.746532810000000075e-09,-1.905121180000000018e-09,-1.749466820000000267e-09,-1.815241390000000019e-09,-1.797494630000000115e-09
2.800000000000000711e+00,4.999999999999999774e-07,1.000000000000000000e+03,-1.000000000000000056e-01,-1.796677420000000132e-09,-1.820960989999999950e-09,-1.899179740000000135e-09,-1.795013720000000222e-09,-1.818358170000000032e-09
3.000000000000000888e+00,4.999999999999999774e-07,1.000000000000000000e+03,-1.000000000000000056e-01,-1.921808430000000249e-09,-1.881713909999999952e-09,-1.803850710000000196e-09,-1.862639640000000145e-09,-1.863534900000000399e-09
3.200000000000001066e+00,4.999999999999999774e-07,1.000000000000000000e+03,-1.000000000000000056e-01,-2.805600040000000085e-09,-2.232330380000000332e-09,-2.092157039999999988e-09,-2.088859279999999855e-09,-2.115373860000000141e-09
-2.000000000000000111e-01,4.999999999999999774e-07,1.000000000000000000e+03,-1.000000000000000056e-01,-1.872897932000000398e-09,-1.894357196000000228e-09,-1.939911788000000204e-09,-1.921817738000000271e-09,-1.859331960000000076e-09
2.000000000000000111e-01,4.999999999999999774e-07,1.000000000000000000e+03,-1.000000000000000056e-01,-1.870397437999999954e-09,-1.855006713999999990e-09,-1.896703666000000113e-09,-1.939388014000000066e-09,-2.043959200000000202e-09
