# pulse_v,pulse_width,num_applied,meas_v,i_0,i_1,i_2,i_3,i_4
2.200000000000000178e+00,4.999999999999999774e-07,1.000000000000000000e+03,-1.000000000000000056e-01,-3.413518274999999880e-09,-3.458128210000000018e-09,-3.535783734999999749e-09,-3.817930064999999636e-09,-3.435792114999999787e-09
2.200000000000000178e+00,4.999999999999999774e-07,1.000000000000000000e+03,-1.000000000000000056e-01,-3.699845374999999972e-09,-3.969895769999999677e-09,-3.774042130000000108e-09,-4.024729899999999572e-09,-3.776933635000000275e-09
2.400000000000000355e+00,4.999999999999999774e-07,1.000000000000000000e+03,-1.000000000000000056e-01,-4.296195234999999672e-09,-3.955751535000000441e-09,-4.181112854999999844e-09,-4.076801225000000623e-09,-4.178197169999999910e-09
