# pulse_v,pulse_width,num_applied,meas_v,i_0,i_1,i_2,i_3,i_4
2.200000000000000178e+00,4.999999999999999774e-07,1.000000000000000000e+03,-1.000000000000000056e-01,-2.957544519999999977e-09,-3.023112139999999934e-09,-3.090741700000000149e-09,-3.185030600000000307e-09,-3.117473540000000456e-09
2.200000000000000178e+00,4.999999999999999774e-07,1.000000000000000000e+03,-1.000000000000000056e-01,-3.004627900000000359e-09,-3.014323280000000538e-09,-3.001007720000000349e-09,-3.089328300000000411e-09,-3.044106880000000315e-09
2.400000000000000355e+00,4.999999999999999774e-07,1.000000000000000000e+03,-1.000000000000000056e-01,-3.078709080000000049e-09,-3.049369080000000231e-09,-2.997930119999999921e-09,-3.014924140000000417e-09,-3.112196340000000308e-09
2.600000000000000533e+00,4.999999999999999774e-07,1.000000000000000000e+03,-1.000000000000000056e-01,-3.238013160000000086e-09,-3.287715860000000061e-09,-3.166481780000000080e-09,-3.220132379999999978e-09,-3.363543800000000124e-09
