# pulse_v,pulse_width,num_applied,meas_v,i_0,i_1,i_2,i_3,i_4
2.000000000000000000e+00,4.999999999999999774e-07,1.000000000000000000e+03,-1.000000000000000056e-01,-2.343892600000000269e-09,-2.266456999999999921e-09,-2.160202340000000131e-09,-2.405583560000000432e-09,-2.395581680000000156e-09
