# pulse_v,pulse_width,num_applied,meas_v,i_0,i_1,i_2,i_3,i_4
-2.000000000000000111e-01,4.999999999999999774e-07,1.000000000000000000e+03,-1.000000000000000056e-01,-1.386867520000000108e-09,-1.353785750000000026e-09,-1.348713450000000054e-09,-1.741204810000000070e-09,-1.686702610000000022e-09
-2.000000000000000111e-01,4.999999999999999774e-07,1.000000000000000000e+03,-1.000000000000000056e-01,-1.554957470000000077e-09,-1.592203190000000089e-09,-1.582997560000000104e-09,-1.593863880000000032e-09,-1.619495710000000164e-09
-4.000000000000000222e-01,4.999999999999999774e-07,1.000000000000000000e+03,-1.000000000000000056e-01,-1.639162540000000100e-09,-1.630809670000000263e-09,-1.554195580000000028e-09,-1.583407390000000176e-09,-1.599124750000000227e-09
-6.000000000000000888e-01,4.999999999999999774e-07,1.000000000000000000e+03,-1.000000000000000056e-01,-1.646706950000000055e-09,-1.580018090000000062e-09,-1.639181790000000239e-09,-1.601793999999999939e-09,-1.646714200000000091e-09
-8.000000000000000444e-01,4.999999999999999774e-07,1.000000000000000000e+03,-1.000000000000000056e-01,-1.642205520000000163e-09,-1.603614520000000084e-09,-1.605217359999999991e-09,-1.584564419999999999e-09,-1.669090769999999990e-09
-1.000000000000000000e+00,4.999999999999999774e-07,1.000000000000000000e+03,-1.000000000000000056e-01,-1.717766370000000119e-09,-1.727906290000000102e-09,-1.626320549999999994e-09,-1.665362089999999928e-09,-1.725788740000000067e-09
-1.199999999999999956e+00,4.999999999999999774e-07,1.000000000000000000e+03,-1.000000000000000056e-01,-1.610254340000000202e-09,-1.606810760000000032e-09,-1.629809670000000163e-09,-1.699454710000000053e-09,-1.571317110000000266e-09
