# pulse_v,pulse_width,num_applied,meas_v,i_0,i_1,i_2,i_3,i_4
2.200000000000000178e+00,4.999999999999999774e-07,1.000000000000000000e+03,-1.000000000000000056e-01,-2.969312740000000166e-09,-3.097808860000000378e-09,-3.144691360000000087e-09,-3.320959820000000518e-09,-3.266074900000000397e-09
2.200000000000000178e+00,4.999999999999999774e-07,1.000000000000000000e+03,-1.000000000000000056e-01,-3.309502360000000377e-09,-3.173566680000000340e-09,-3.161412300000000056e-09,-3.292035940000000254e-09,-3.260452380000000103e-09
2.400000000000000355e+00,4.999999999999999774e-07,1.000000000000000000e+03,-1.000000000000000056e-01,-3.266239380000000220e-09,-3.286037000000000240e-09,-3.303961980000000376e-09,-3.254452220000000445e-09,-3.147610360000000002e-09
2.600000000000000533e+00,4.999999999999999774e-07,1.000000000000000000e+03,-1.000000000000000056e-01,-3.452310320000000229e-09,-3.436873360000000019e-09,-3.419709520000000314e-09,-3.494686919999999986e-09,-3.235847740000000425e-09
2.800000000000000711e+00,4.999999999999999774e-07,1.000000000000000000e+03,-1.000000000000000056e-01,-3.517381980000000245e-09,-3.462740999999999882e-09,-3.191163960000000239e-09,-3.400111680000000202e-09,-3.007988839999999869e-09
3.000000000000000888e+00,4.999999999999999774e-07,1.000000000000000000e+03,-1.000000000000000056e-01,-3.376305620000000234e-09,-3.353463180000000226e-09,-3.342042600000000178e-09,-3.474638960000000235e-09,-3.459194200000000433e-09
