# pulse_v,pulse_width,num_applied,meas_v,i_0,i_1,i_2,i_3,i_4
2.200000000000000178e+00,4.999999999999999774e-07,1.000000000000000000e+03,-1.000000000000000056e-01,-2.864046440000000116e-09,-2.952675140000000460e-09,-2.868309680000000222e-09,-2.785190240000000216e-09,-2.827081919999999994e-09
2.200000000000000178e+00,4.999999999999999774e-07,1.000000000000000000e+03,-1.000000000000000056e-01,-3.063908880000000408e-09,-3.050385560000000331e-09,-3.172461120000000050e-09,-3.189544220000000321e-09,-3.100227799999999873e-09
