# pulse_v,pulse_width,num_applied,meas_v,i_0,i_1,i_2,i_3,i_4
-2.000000000000000111e-01,4.999999999999999774e-07,1.000000000000000000e+03,-1.000000000000000056e-01,-4.214894145000000277e-09,-3.759168280000000151e-09,-3.807093200000000536e-09,-3.948415200000000020e-09,-3.897312705000000425e-09
-2.000000000000000111e-01,4.999999999999999774e-07,1.000000000000000000e+03,-1.000000000000000056e-01,-4.268948030000000352e-09,-4.121758014999999990e-09,-3.943780720000000522e-09,-3.861563410000000561e-09,-4.087693099999999722e-09
-4.000000000000000222e-01,4.999999999999999774e-07,1.000000000000000000e+03,-1.000000000000000056e-01,-4.097670609999999590e-09,-3.986668985000000179e-09,-4.074178689999999838e-09,-4.241076580000000481e-09,-4.332611364999999766e-09
-6.000000000000000888e-01,4.999999999999999774e-07,1.000000000000000000e+03,-1.000000000000000056e-01,-4.233070964999999794e-09,-3.999746160000000230e-09,-3.879449730000000119e-09,-3.892906484999999905e-09,-3.914601195000000160e-09
-8.000000000000000444e-01,4.999999999999999774e-07,1.000000000000000000e+03,-1.000000000000000056e-01,-4.135208564999999535e-09,-4.138924670000000344e-09,-4.262288179999999929e-09,-4.184980839999999769e-09,-3.915905060000000302e-09
-1.000000000000000000e+00,4.999999999999999774e-07,1.000000000000000000e+03,-1.000000000000000056e-01,-3.892471565000000562e-09,-3.648494165000000337e-09,-3.649212370000000068e-09,-3.797288095000000122e-09,-3.660495825000000246e-09
