# pulse_v,pulse_width,num_applied,meas_v,i_0,i_1,i_2,i_3,i_4
2.000000000000000000e+00,4.999999999999999774e-07,1.000000000000000000e+03,-1.000000000000000056e-01,-1.544419000000000020e-09,-1.366958880000000183e-09,-1.703488470000000089e-09,-1.618021149999999914e-09,-1.495826359999999908e-09
