# pulse_v,pulse_width,num_applied,meas_v,i_0,i_1,i_2,i_3,i_4
2.200000000000000178e+00,4.999999999999999774e-07,1.000000000000000000e+03,-1.000000000000000056e-01,-9.272964600000000431e-10,-8.727930350000001218e-10,-9.376572850000000511e-10,-8.999553350000000663e-10,-8.813122650000000909e-10
2.200000000000000178e+00,4.999999999999999774e-07,1.000000000000000000e+03,-1.000000000000000056e-01,-9.506656049999999494e-10,-8.966833400000001437e-10,-9.392751200000000647e-10,-8.978041450000001028e-10,-8.644690100000000503e-10
2.400000000000000355e+00,4.999999999999999774e-07,1.000000000000000000e+03,-1.000000000000000056e-01,-9.326945550000001410e-10,-9.961307050000000926e-10,-9.777705650000001651e-10,-9.512967600000000558e-10,-9.828863150000001327e-10
