# pulse_v,pulse_width,num_applied,meas_v,i_0,i_1,i_2,i_3,i_4
2.200000000000000178e+00,4.999999999999999774e-07,1.000000000000000000e+03,-1.000000000000000056e-01,-1.859050580000000005e-09,-1.822408350000000008e-09,-1.773637410000000134e-09,-1.715029910000000035e-09,-1.764484070000000027e-09
2.200000000000000178e+00,4.999999999999999774e-07,1.000000000000000000e+03,-1.000000000000000056e-01,-1.946594919999999992e-09,-1.970484840000000057e-09,-1.891328669999999992e-09,-1.815915620000000001e-09,-1.689683269999999989e-09
2.400000000000000355e+00,4.999999999999999774e-07,1.000000000000000000e+03,-1.000000000000000056e-01,-1.792107080000000153e-09,-1.771694010000000193e-09,-1.772074330000000122e-09,-2.427113600000000224e-09,-1.890976878000000298e-09
2.600000000000000533e+00,4.999999999999999774e-07,1.000000000000000000e+03,-1.000000000000000056e-01,-2.373704720000000122e-09,-2.088593160000000140e-09,-1.961875055999999991e-09,-2.045492140000000161e-09,-1.937199272000000035e-09
2.800000000000000711e+00,4.999999999999999774e-07,1.000000000000000000e+03,-1.000000000000000056e-01,-2.107336780000000012e-09,-2.072256920000000380e-09,-2.039865040000000144e-09,-2.062379840000000183e-09,-2.029938539999999827e-09
3.000000000000000888e+00,4.999999999999999774e-07,1.000000000000000000e+03,-1.000000000000000056e-01,-2.402442740000000448e-09,-2.509366240000000198e-09,-2.378754300000000420e-09,-2.386418659999999941e-09,-2.382549259999999814e-09
3.200000000000001066e+00,4.999999999999999774e-07,1.000000000000000000e+03,-1.000000000000000056e-01,-2.119894880000000033e-09,-1.936870834000000109e-09,-1.926995704000000120e-09,-1.946572720000000360e-09,-1.933253615999999935e-09
3.400000000000001243e+00,4.999999999999999774e-07,1.000000000000000000e+03,-1.000000000000000056e-01,-1.974254423999999898e-09,-2.407989900000000046e-09,-2.556459940000000229e-09,-2.402149260000000035e-09,-2.347778679999999841e-09
3.600000000000001421e+00,4.999999999999999774e-07,1.000000000000000000e+03,-1.000000000000000056e-01,-2.548129700000000286e-09,-2.562990699999999869e-09,-2.185377420000000248e-09,-2.457355999999999843e-09,-2.450944740000000246e-09
