# pulse_v,pulse_width,num_applied,meas_v,i_0,i_1,i_2,i_3,i_4
2.200000000000000178e+00,4.999999999999999774e-07,1.000000000000000000e+03,-1.000000000000000056e-01,-2.694388320000000207e-09,-2.592417440000000205e-09,-2.856779679999999953e-09,-2.737263520000000084e-09,-2.758802980000000067e-09
2.200000000000000178e+00,4.999999999999999774e-07,1.000000000000000000e+03,-1.000000000000000056e-01,-3.008323040000000110e-09,-2.999573800000000191e-09,-3.076641120000000271e-09,-2.974002860000000196e-09,-2.985495020000000231e-09
