# pulse_v,pulse_width,num_applied,meas_v,i_0,i_1,i_2,i_3,i_4
2.000000000000000000e+00,4.999999999999999774e-07,1.000000000000000000e+03,-1.000000000000000056e-01,-2.223437599999999986e-09,-2.138084200000000226e-09,-2.050297979999999938e-09,-2.234984879999999891e-09,-2.106463120000000026e-09
