# pulse_v,pulse_width,num_applied,meas_v,i_0,i_1,i_2,i_3,i_4
-2.000000000000000111e-01,4.999999999999999774e-07,1.000000000000000000e+03,-1.000000000000000056e-01,-1.465217430000000166e-09,-1.271252250000000231e-09,-1.347466920000000032e-09,-1.346665199999999983e-09,-1.388501119999999936e-09
-2.000000000000000111e-01,4.999999999999999774e-07,1.000000000000000000e+03,-1.000000000000000056e-01,-1.055706800000000083e-09,-1.001280180000000057e-09,-9.899589979999999637e-10,-1.038127570000000148e-09,-9.243714650000000987e-10
2.000000000000000111e-01,4.999999999999999774e-07,1.000000000000000000e+03,-1.000000000000000056e-01,-1.015169480000000083e-09,-1.024643200000000079e-09,-1.025996740000000133e-09,-9.636241209999999196e-10,-9.935507630000000558e-10
