# pulse_v,pulse_width,num_applied,meas_v,i_0,i_1,i_2,i_3,i_4
2.200000000000000178e+00,4.999999999999999774e-07,1.000000000000000000e+03,-1.000000000000000056e-01,-2.322752080000000237e-09,-2.146330860000000078e-09,-2.213716320000000236e-09,-2.230850000000000418e-09,-2.218133000000000203e-09
2.200000000000000178e+00,4.999999999999999774e-07,1.000000000000000000e+03,-1.000000000000000056e-01,-2.208045680000000237e-09,-2.360166880000000296e-09,-2.390217020000000418e-09,-2.242294859999999852e-09,-2.279822900000000192e-09
2.400000000000000355e+00,4.999999999999999774e-07,1.000000000000000000e+03,-1.000000000000000056e-01,-2.278000839999999805e-09,-2.223647080000000091e-09,-2.219500159999999924e-09,-2.241951719999999905e-09,-2.417677200000000213e-09
