# pulse_v,pulse_width,num_applied,meas_v,i_0,i_1,i_2,i_3,i_4
-2.000000000000000111e-01,4.999999999999999774e-07,1.000000000000000000e+03,-1.000000000000000056e-01,-3.325303184999999696e-09,-3.264902045000000079e-09,-3.185412320000000062e-09,-3.441313145000000237e-09,-3.418994705000000175e-09
-2.000000000000000111e-01,4.999999999999999774e-07,1.000000000000000000e+03,-1.000000000000000056e-01,-3.384734835000000295e-09,-3.178754790000000047e-09,-3.043452214999999911e-09,-3.080212494999999695e-09,-3.107307049999999985e-09
