# pulse_v,pulse_width,num_applied,meas_v,i_0,i_1,i_2,i_3,i_4
2.200000000000000178e+00,4.999999999999999774e-07,1.000000000000000000e+03,-1.000000000000000056e-01,-1.203893530000000077e-09,-1.130132770000000040e-09,-1.129379070000000078e-09,-1.126948520000000150e-09,-1.079591960000000037e-09
2.200000000000000178e+00,4.999999999999999774e-07,1.000000000000000000e+03,-1.000000000000000056e-01,-1.247789060000000041e-09,-1.181024459999999935e-09,-1.148505270000000020e-09,-1.173453840000000062e-09,-1.168653909999999935e-09
2.400000000000000355e+00,4.999999999999999774e-07,1.000000000000000000e+03,-1.000000000000000056e-01,-1.644017530000000035e-09,-1.624032750000000075e-09,-1.512599940000000279e-09,-1.516752720000000081e-09,-1.481168780000000112e-09
