# pulse_v,pulse_width,num_applied,meas_v,i_0,i_1,i_2,i_3,i_4
2.200000000000000178e+00,4.999999999999999774e-07,1.000000000000000000e+03,-1.000000000000000056e-01,-2.769606560000000303e-09,-2.810808740000000318e-09,-2.788783399999999802e-09,-2.726844540000000439e-09,-2.818109179999999967e-09
2.200000000000000178e+00,4.999999999999999774e-07,1.000000000000000000e+03,-1.000000000000000056e-01,-2.940112120000000442e-09,-3.012074820000000297e-09,-2.721082319999999867e-09,-2.917864260000000048e-09,-2.774288339999999989e-09
2.400000000000000355e+00,4.999999999999999774e-07,1.000000000000000000e+03,-1.000000000000000056e-01,-3.133311519999999956e-09,-3.004055699999999937e-09,-2.978471200000000335e-09,-2.887014740000000375e-09,-3.153319380000000159e-09
