# pulse_v,pulse_width,num_applied,meas_v,i_0,i_1,i_2,i_3,i_4
-2.000000000000000111e-01,4.999999999999999774e-07,1.000000000000000000e+03,-1.000000000000000056e-01,-4.062090930000000607e-09,-3.807280044999999796e-09,-3.785812184999999889e-09,-3.840994545000000279e-09,-3.882178295000000292e-09
-2.000000000000000111e-01,4.999999999999999774e-07,1.000000000000000000e+03,-1.000000000000000056e-01,-3.687598830000000335e-09,-3.530007660000000219e-09,-3.893709769999999791e-09,-3.394051060000000048e-09,-3.940745860000000235e-09
-4.000000000000000222e-01,4.999999999999999774e-07,1.000000000000000000e+03,-1.000000000000000056e-01,-3.595808685000000050e-09,-4.060738490000000284e-09,-3.934347840000000061e-09,-3.759157515000000276e-09,-3.566026509999999900e-09
