# pulse_v,pulse_width,num_applied,meas_v,i_0,i_1,i_2,i_3,i_4
2.000000000000000000e+00,4.999999999999999774e-07,1.000000000000000000e+03,-1.000000000000000056e-01,-2.034095920000000268e-09,-2.030363100000000168e-09,-1.922989870000000243e-09,-1.935343770000000104e-09,-1.949861043999999983e-09
