# pulse_v,pulse_width,num_applied,meas_v,i_0,i_1,i_2,i_3,i_4
-2.000000000000000111e-01,4.999999999999999774e-07,1.000000000000000000e+03,-1.000000000000000056e-01,-1.522255410000000102e-09,-1.652028310000000052e-09,-1.674575830000000058e-09,-1.765507360000000065e-09,-1.600283520000000150e-09
-2.000000000000000111e-01,4.999999999999999774e-07,1.000000000000000000e+03,-1.000000000000000056e-01,-1.658383149999999986e-09,-1.504328509999999892e-09,-1.635008019999999992e-09,-1.717221260000000227e-09,-1.776451080000000057e-09
-4.000000000000000222e-01,4.999999999999999774e-07,1.000000000000000000e+03,-1.000000000000000056e-01,-1.559124479999999990e-09,-1.520716270000000235e-09,-1.449185230000000089e-09,-1.462288010000000155e-09,-1.468619750000000170e-09
