# pulse_v,pulse_width,num_applied,meas_v,i_0,i_1,i_2,i_3,i_4
-2.000000000000000111e-01,4.999999999999999774e-07,1.000000000000000000e+03,-1.000000000000000056e-01,-4.026384969999999916e-09,-4.176151175000000269e-09,-4.020357424999999966e-09,-4.066041205000000459e-09,-4.078886175000000192e-09
-2.000000000000000111e-01,4.999999999999999774e-07,1.000000000000000000e+03,-1.000000000000000056e-01,-3.781712959999999706e-09,-3.826372430000000580e-09,-3.760865680000000257e-09,-3.752644975000000323e-09,-3.719867139999999975e-09
-4.000000000000000222e-01,4.999999999999999774e-07,1.000000000000000000e+03,-1.000000000000000056e-01,-3.672893494999999667e-09,-3.851145579999999628e-09,-3.676186129999999820e-09,-3.789262469999999839e-09,-3.816084300000000460e-09
-6.000000000000000888e-01,4.999999999999999774e-07,1.000000000000000000e+03,-1.000000000000000056e-01,-3.752789910000000451e-09,-3.666551370000000436e-09,-3.668828465000000540e-09,-3.611808029999999869e-09,-3.896156989999999532e-09
-8.000000000000000444e-01,4.999999999999999774e-07,1.000000000000000000e+03,-1.000000000000000056e-01,-3.711444910000000321e-09,-3.689843645000000158e-09,-3.543478724999999852e-09,-3.506479545000000427e-09,-3.593284230000000256e-09
