# pulse_v,pulse_width,num_applied,meas_v,i_0,i_1,i_2,i_3,i_4
2.000000000000000000e+00,4.999999999999999774e-07,1.000000000000000000e+03,-1.000000000000000056e-01,-2.234354980000000101e-09,-2.155682040000000138e-09,-2.171757120000000359e-09,-2.173115800000000355e-09,-2.098155620000000052e-09
