# pulse_v,pulse_width,num_applied,meas_v,i_0,i_1,i_2,i_3,i_4
5.200000000000000178e+00,4.999999999999999774e-07,1.000000000000000000e+03,-1.000000000000000056e-01,-1.017961469999999877e-08,-1.038305220000000115e-08,-1.043333260000000000e-08,-1.050128509999999909e-08,-1.034437530000000037e-08
5.200000000000000178e+00,4.999999999999999774e-07,1.000000000000000000e+03,-1.000000000000000056e-01,-1.105480990000000100e-08,-1.090597819999999985e-08,-1.096766590000000038e-08,-1.068561950000000166e-08,-1.112673340000000036e-08
5.400000000000000355e+00,4.999999999999999774e-07,1.000000000000000000e+03,-1.000000000000000056e-01,-1.209922630000000068e-08,-1.219962460000000116e-08,-1.228162010000000006e-08,-1.158662869999999890e-08,-1.153882580000000068e-08
5.600000000000000533e+00,4.999999999999999774e-07,1.000000000000000000e+03,-1.000000000000000056e-01,-1.250808670000000140e-08,-1.277756909999999863e-08,-1.277889440000000089e-08,-1.259994089999999969e-08,-1.230560359999999885e-08
