# pulse_v,pulse_width,num_applied,meas_v,i_0,i_1,i_2,i_3,i_4
8.199999999999999289e+00,4.999999999999999774e-07,1.000000000000000000e+03,-1.000000000000000056e-01,-9.415444050000000367e-09,-9.124343699999999886e-09,-9.178972050000000856e-09,-9.143938600000000963e-09,-9.129949550000000987e-09
8.199999999999999289e+00,4.999999999999999774e-07,1.000000000000000000e+03,-1.000000000000000056e-01,-9.828076750000000867e-09,-9.850906750000000880e-09,-9.892611850000000821e-09,-9.588904870000000648e-09,-9.703825210000000769e-09
8.399999999999998579e+00,4.999999999999999774e-07,1.000000000000000000e+03,-1.000000000000000056e-01,-1.071727689999999987e-08,-1.084558450000000153e-08,-1.096952330000000020e-08,-1.098114890000000034e-08,-1.101099250000000105e-08
8.599999999999997868e+00,4.999999999999999774e-07,1.000000000000000000e+03,-1.000000000000000056e-01,-1.112545890000000106e-08,-1.112357070000000134e-08,-1.110763279999999969e-08,-1.121754390000000012e-08,-1.111482629999999982e-08
8.799999999999997158e+00,4.999999999999999774e-07,1.000000000000000000e+03,-1.000000000000000056e-01,-9.509523300000000697e-09,-9.125308100000001252e-09,-8.878130349999999520e-09,-8.840845499999999939e-09,-9.132980149999999254e-09
8.999999999999996447e+00,4.999999999999999774e-07,1.000000000000000000e+03,-1.000000000000000056e-01,-8.995803800000000277e-09,-8.872905049999999786e-09,-8.900036549999999529e-09,-8.778427450000000688e-09,-8.688380200000000205e-09
9.199999999999995737e+00,4.999999999999999774e-07,1.000000000000000000e+03,-1.000000000000000056e-01,-1.157203109999999932e-08,-1.166356560000000157e-08,-1.190410300000000000e-08,-1.200862080000000009e-08,-1.206415740000000024e-08
-2.000000000000000111e-01,4.999999999999999774e-07,1.000000000000000000e+03,-1.000000000000000056e-01,-1.196536910000000014e-08,-1.199390380000000050e-08,-1.183681760000000014e-08,-1.170011700000000144e-08,-1.161305809999999982e-08
