# pulse_v,pulse_width,num_applied,meas_v,i_0,i_1,i_2,i_3,i_4
1.199999999999999956e+00,4.999999999999999774e-07,1.000000000000000000e+03,-1.000000000000000056e-01,-3.416318274999999912e-09,-3.434029499999999820e-09,-3.345228255000000226e-09,-3.487713654999999991e-09,-3.099195245000000024e-09
1.199999999999999956e+00,4.999999999999999774e-07,1.000000000000000000e+03,-1.000000000000000056e-01,-3.339106654999999741e-09,-3.241477779999999890e-09,-3.193254895000000310e-09,-3.539890745000000180e-09,-3.270495420000000512e-09
