# pulse_v,pulse_width,num_applied,meas_v,i_0,i_1,i_2,i_3,i_4
1.199999999999999956e+00,4.999999999999999774e-07,1.000000000000000000e+03,-1.000000000000000056e-01,-2.820717600000000223e-09,-3.106796840000000051e-09,-3.079873420000000382e-09,-2.977023900000000130e-09,-3.096892800000000111e-09
1.199999999999999956e+00,4.999999999999999774e-07,1.000000000000000000e+03,-1.000000000000000056e-01,-2.992941880000000316e-09,-2.936924260000000187e-09,-2.870727379999999983e-09,-2.913030240000000056e-09,-3.291787540000000067e-09
